Module,Family,Method,Path,Mutation,Deprecated,Params,Body,Returns,Description,Role,UI,Priority,Wired(FE floor),Live@8000(tested)
"Account Overview","org-accounts","GET","/org-accounts/account-health-score","","","","","object","Account health composite score","ACCOUNTADMIN","Org Accounts › Account Health Score","P2","MISSING","served (gated)"
"Account Overview","org-accounts","GET","/org-accounts/accounts","","","status, edition, cloud, region, search","","object","List all accounts","ACCOUNTADMIN","Org Accounts › Accounts","","wired","served (gated)"
"Account Overview","org-accounts","POST","/org-accounts/accounts","yes","","","CreateAccountRequest","object","Create an organization account (orgadmin only)","ACCOUNTADMIN","Org Accounts › Accounts","P1","MISSING","mutation (not probed)"
"Account Overview","org-accounts","DELETE","/org-accounts/accounts/{account_name}","yes","","account_name*","DropAccountRequest","object","Drop a Snowflake account (orgadmin only  hard with grace period)","ACCOUNTADMIN","Org Accounts › Accounts","P1","MISSING","mutation (not probed)"
"Account Overview","org-accounts","GET","/org-accounts/accounts/{account_name}","","","account_name*","","object","Account detail (composite)","ACCOUNTADMIN","Org Accounts › Accounts","","wired","served (gated)"
"Account Overview","org-accounts","PATCH","/org-accounts/accounts/{account_name}","yes","","account_name*","UpdateAccountRequest","object","Update editable account fields (orgadmin only)","ACCOUNTADMIN","Org Accounts › Accounts","P1","MISSING","mutation (not probed)"
"Account Overview","org-accounts","POST","/org-accounts/accounts/{account_name}/activate","yes","","account_name*","","object","Reactivate a managed account (orgadmin only)","ACCOUNTADMIN","Org Accounts › Accounts Activate","P1","MISSING","mutation (not probed)"
"Account Overview","org-accounts","PATCH","/org-accounts/accounts/{account_name}/mfa","yes","","account_name*","MfaEnforcementRequest","object","Enforce / relax MFA on an account (orgadmin only)","ACCOUNTADMIN","Org Accounts › Accounts MFA","P1","MISSING","mutation (not probed)"
"Account Overview","org-accounts","POST","/org-accounts/accounts/{account_name}/reset-password","yes","","account_name*, admin_name","","object","Reset the admin password for an account (orgadmin only)","ACCOUNTADMIN","Org Accounts › Accounts Reset Password","P1","MISSING","mutation (not probed)"
"Account Overview","org-accounts","POST","/org-accounts/accounts/{account_name}/rotate-keys","yes","","account_name*, admin_name","","object","Rotate RSA key-pair for an account admin (orgadmin only)","ACCOUNTADMIN","Org Accounts › Accounts Rotate Keys","P1","MISSING","mutation (not probed)"
"Account Overview","org-accounts","POST","/org-accounts/accounts/{account_name}/suspend","yes","","account_name*","","object","Suspend a managed account (orgadmin only)","ACCOUNTADMIN","Org Accounts › Accounts Suspend","P1","MISSING","mutation (not probed)"
"Account Overview","org-accounts","POST","/org-accounts/accounts/{account_name}/transfer-ownership","yes","","account_name*","TransferOwnershipRequest","object","Transfer account ownership (orgadmin only)","ACCOUNTADMIN","Org Accounts › Accounts Transfer Ownership","P1","MISSING","mutation (not probed)"
"Account Overview","org-accounts","GET","/org-accounts/accounts/audit","","","days","","object","Consolidated per-account audit (credits+storage+queries+logins)","ACCOUNTADMIN","Org Accounts › Accounts Audit","P2","MISSING","served (gated)"
"Account Overview","org-accounts","GET","/org-accounts/alerts","","","days","","object","Alerts","ACCOUNTADMIN","Org Accounts › Alerts","","wired","served (gated)"
"Account Overview","org-accounts","GET","/org-accounts/anomalies","","","days","","object","Cost / usage anomalies","ACCOUNTADMIN","Org Accounts › Anomalies","P2","MISSING","served (gated)"
"Account Overview","org-accounts","GET","/org-accounts/audit/access-history","","","days, username, object_name, limit","","object","Data access audit trail","ACCOUNTADMIN","Org Accounts › Audit Access History","P2","MISSING","served (gated)"
"Account Overview","org-accounts","GET","/org-accounts/audit/login-history","","","days, username, is_success, limit","","object","Authentication audit trail","ACCOUNTADMIN","Org Accounts › Audit Login History","P2","MISSING","served (gated)"
"Account Overview","org-accounts","GET","/org-accounts/audit/query-history","","","days, username, query_type, min_duration_ms, limit","","object","DQL audit trail from ACCOUNT_USAGE","ACCOUNTADMIN","Org Accounts › Audit Query History","P2","MISSING","served (gated)"
"Account Overview","org-accounts","GET","/org-accounts/automation-overview","","","days","","object","Tasks / automation rollup","ACCOUNTADMIN","Org Accounts › Automation Overview","P2","MISSING","served (gated)"
"Account Overview","org-accounts","GET","/org-accounts/contract","","","","","object","Contract terms / items","ACCOUNTADMIN","Org Accounts › Contract","P2","MISSING","served (gated)"
"Account Overview","org-accounts","GET","/org-accounts/cortex-costs","","","days","","object","Cortex AI cost breakdown","ACCOUNTADMIN","Org Accounts › Cortex Costs","P2","MISSING","served (gated)"
"Account Overview","org-accounts","GET","/org-accounts/cost-simulation/{object_type}/{object_id}","","","object_type*, object_id*, days","","object","Per-object 30-day cost simulation","ACCOUNTADMIN","Org Accounts › Cost Simulation","P2","MISSING","served (gated)"
"Account Overview","org-accounts","GET","/org-accounts/credit-forecast","","","days_back","","object","Credit usage forecast","ACCOUNTADMIN","Org Accounts › Credit Forecast","P2","MISSING","served (gated)"
"Account Overview","org-accounts","GET","/org-accounts/credits","","","days","","object","Org credits aggregate (last N days)","ACCOUNTADMIN","Org Accounts › Credits","","wired","served (gated)"
"Account Overview","org-accounts","GET","/org-accounts/credits/history/{account_name}","","","account_name*, days","","object","Per-account daily credit history","ACCOUNTADMIN","Org Accounts › Credits History","P2","MISSING","served (gated)"
"Account Overview","org-accounts","GET","/org-accounts/credits/top","","","days, limit","","object","Top credit-consuming accounts","ACCOUNTADMIN","Org Accounts › Credits Top","","wired","served (gated)"
"Account Overview","org-accounts","GET","/org-accounts/credits/trend","","","days","","object","Daily credit trend","ACCOUNTADMIN","Org Accounts › Credits Trend","","wired","served (gated)"
"Account Overview","org-accounts","GET","/org-accounts/cross-account/usage","","","days","","object","Cross-account usage costs","ACCOUNTADMIN","Org Accounts › Cross Account Usage","P2","MISSING","served (gated)"
"Account Overview","org-accounts","GET","/org-accounts/dashboard/overview","","","","","object","Org-wide overview aggregate","ACCOUNTADMIN","Org Accounts › Dashboard Overview","","wired","served (gated)"
"Account Overview","org-accounts","GET","/org-accounts/dashboard/trends","","","days","","object","Org-wide trends (credits + storage)","ACCOUNTADMIN","Org Accounts › Dashboard Trends","","wired","served (gated)"
"Account Overview","org-accounts","GET","/org-accounts/dashboard/usage","","","days","","object","Credit + storage totals","ACCOUNTADMIN","Org Accounts › Dashboard Usage","","wired","served (gated)"
"Account Overview","org-accounts","GET","/org-accounts/data-loading-overview","","","days","","object","Data-loading KPI rollup","ACCOUNTADMIN","Org Accounts › Data Loading Overview","P2","MISSING","served (gated)"
"Account Overview","org-accounts","GET","/org-accounts/data-operations-overview","","","days","","object","Data-operations rollup","ACCOUNTADMIN","Org Accounts › Data Operations Overview","P2","MISSING","served (gated)"
"Account Overview","org-accounts","GET","/org-accounts/data-transfer","","","days","","object","Data-transfer usage / cost","ACCOUNTADMIN","Org Accounts › Data Transfer","","wired","served (gated)"
"Account Overview","org-accounts","GET","/org-accounts/events","","","page, page_size, module, event_type, days","","object","Platform events audit trail","ACCOUNTADMIN","Org Accounts › Events","P2","MISSING","served (gated)"
"Account Overview","org-accounts","GET","/org-accounts/filter-options","","","","","object","Filter options for Command Center","ACCOUNTADMIN","Org Accounts › Filter Options","P2","MISSING","served (gated)"
"Account Overview","org-accounts","GET","/org-accounts/governance-grants-overview","","","days","","object","Grants rollup (governance)","ACCOUNTADMIN","Org Accounts › Governance Grants Overview","P2","MISSING","served (gated)"
"Account Overview","org-accounts","GET","/org-accounts/governance-overview","","","","","object","Governance KPI rollup","ACCOUNTADMIN","Org Accounts › Governance Overview","P2","MISSING","served (gated)"
"Account Overview","org-accounts","GET","/org-accounts/grants-overview","","","days","","object","Grants summary","ACCOUNTADMIN","Org Accounts › Grants Overview","P2","MISSING","served (gated)"
"Account Overview","org-accounts","GET","/org-accounts/health","","","","","object","Health scores","ACCOUNTADMIN","Org Accounts › Health","","wired","served (gated)"
"Account Overview","org-accounts","GET","/org-accounts/health/{account_name}","","","account_name*","","object","Account health","ACCOUNTADMIN","Org Accounts › Health","","wired","served (gated)"
"Account Overview","org-accounts","GET","/org-accounts/logins","","","days, limit","","object","Recent login activity (org-wide)","ACCOUNTADMIN","Org Accounts › Logins","","wired","served (gated)"
"Account Overview","org-accounts","GET","/org-accounts/logins/{account_name}","","","account_name*, days, limit","","object","Per-account login history","ACCOUNTADMIN","Org Accounts › Logins","","wired","served (gated)"
"Account Overview","org-accounts","GET","/org-accounts/logins/failed","","","days, limit","","object","Failed login attempts","ACCOUNTADMIN","Org Accounts › Logins Failed","","wired","served (gated)"
"Account Overview","org-accounts","GET","/org-accounts/metering","","","days","","object","Metering per account","ACCOUNTADMIN","Org Accounts › Metering","P2","MISSING","served (gated)"
"Account Overview","org-accounts","GET","/org-accounts/metering/trend","","","days","","object","Daily metering trend","ACCOUNTADMIN","Org Accounts › Metering Trend","P2","MISSING","served (gated)"
"Account Overview","org-accounts","GET","/org-accounts/org-summary","","","days, from, to, role, module, account, username, project_id","","object","Org activity: role → module/project → account","ACCOUNTADMIN","Org Accounts › Org Summary","P2","MISSING","served (gated)"
"Account Overview","org-accounts","GET","/org-accounts/organization/costs","","","days","","object","Org costs by account in currency","ACCOUNTADMIN","Org Accounts › Organization Costs","P2","MISSING","served (gated)"
"Account Overview","org-accounts","GET","/org-accounts/organization/remaining-balance","","","","","object","Org remaining credit balance","ACCOUNTADMIN","Org Accounts › Organization Remaining Balance","P2","MISSING","served (gated)"
"Account Overview","org-accounts","GET","/org-accounts/organization/storage","","","days","","object","Org storage per account","ACCOUNTADMIN","Org Accounts › Organization Storage","P2","MISSING","served (gated)"
"Account Overview","org-accounts","GET","/org-accounts/organization/warehouse-credits","","","days","","object","Org warehouse credits per account","ACCOUNTADMIN","Org Accounts › Organization Warehouse Credits","P2","MISSING","served (gated)"
"Account Overview","org-accounts","GET","/org-accounts/performance-overview","","","days","","object","Performance KPI rollup","ACCOUNTADMIN","Org Accounts › Performance Overview","P2","MISSING","served (gated)"
"Account Overview","org-accounts","GET","/org-accounts/platform-activity","","","days, username, module_name, event_type","","object","Data360 platform activity","ACCOUNTADMIN","Org Accounts › Platform Activity","P2","MISSING","served (gated)"
"Account Overview","org-accounts","GET","/org-accounts/projects-overview","","","days, project_type, username, status, environment","","object","Projects & deployments overview","ACCOUNTADMIN","Org Accounts › Projects Overview","P2","MISSING","served (gated)"
"Account Overview","org-accounts","GET","/org-accounts/queries","","","days","","object","Aggregate query stats (org-wide)","ACCOUNTADMIN","Org Accounts › Queries","","wired","served (gated)"
"Account Overview","org-accounts","GET","/org-accounts/queries/trend","","","days","","object","Daily query volume trend","ACCOUNTADMIN","Org Accounts › Queries Trend","","wired","served (gated)"
"Account Overview","org-accounts","GET","/org-accounts/rate-sheet","","","","","object","Credit rate sheet","ACCOUNTADMIN","Org Accounts › Rate Sheet","P2","MISSING","served (gated)"
"Account Overview","org-accounts","GET","/org-accounts/reader-accounts","","","","","object","Reader accounts (managed accounts)","ACCOUNTADMIN","Org Accounts › Reader Accounts","","wired","served (gated)"
"Account Overview","org-accounts","POST","/org-accounts/reader-accounts","yes","","","ReaderAccountCreateRequest","object","Create a reader (managed) account (orgadmin only)","ACCOUNTADMIN","Org Accounts › Reader Accounts","","wired","mutation (not probed)"
"Account Overview","org-accounts","DELETE","/org-accounts/reader-accounts/{account_name}","yes","","account_name*","","object","Drop a reader (managed) account (orgadmin only)","ACCOUNTADMIN","Org Accounts › Reader Accounts","P1","MISSING","mutation (not probed)"
"Account Overview","org-accounts","GET","/org-accounts/replication","","","days","","object","Replication usage / spend","ACCOUNTADMIN","Org Accounts › Replication","P2","MISSING","served (gated)"
"Account Overview","org-accounts","GET","/org-accounts/resource-monitors","","","","","object","List resource monitors","ACCOUNTADMIN","Org Accounts › Resource Monitors","P2","MISSING","served (gated)"
"Account Overview","org-accounts","POST","/org-accounts/resource-monitors","yes","","","ResourceMonitorRequest","object","Create or replace a resource monitor (orgadmin only)","ACCOUNTADMIN","Org Accounts › Resource Monitors","P1","MISSING","mutation (not probed)"
"Account Overview","org-accounts","DELETE","/org-accounts/resource-monitors/{name}","yes","","name*","","object","Drop a resource monitor (orgadmin only)","ACCOUNTADMIN","Org Accounts › Resource Monitors","P1","MISSING","mutation (not probed)"
"Account Overview","org-accounts","POST","/org-accounts/row-timestamps/activate","yes","","database*","","object","Activate row timestamps on all supported tables","ACCOUNTADMIN","Org Accounts › Row Timestamps Activate","P1","MISSING","mutation (not probed)"
"Account Overview","org-accounts","GET","/org-accounts/row-timestamps/status","","","database*, schema","","object","Check row timestamp support per table","ACCOUNTADMIN","Org Accounts › Row Timestamps Status","P2","MISSING","served (gated)"
"Account Overview","org-accounts","GET","/org-accounts/security-overview","","","days","","object","Security posture overview","ACCOUNTADMIN","Org Accounts › Security Overview","P2","MISSING","served (gated)"
"Account Overview","org-accounts","GET","/org-accounts/services/clustering","","","days","","object","Auto-clustering spend","ACCOUNTADMIN","Org Accounts › Services Clustering","P2","MISSING","served (gated)"
"Account Overview","org-accounts","GET","/org-accounts/services/materialized-views","","","days","","object","MV maintenance spend","ACCOUNTADMIN","Org Accounts › Services Materialized Views","P2","MISSING","served (gated)"
"Account Overview","org-accounts","GET","/org-accounts/services/pipes","","","days","","object","Snowpipe spend","ACCOUNTADMIN","Org Accounts › Services Pipes","P2","MISSING","served (gated)"
"Account Overview","org-accounts","GET","/org-accounts/services/query-acceleration","","","days","","object","Query-acceleration spend","ACCOUNTADMIN","Org Accounts › Services Query Acceleration","P2","MISSING","served (gated)"
"Account Overview","org-accounts","GET","/org-accounts/services/search-optimization","","","days","","object","Search-optimization spend","ACCOUNTADMIN","Org Accounts › Services Search Optimization","P2","MISSING","served (gated)"
"Account Overview","org-accounts","GET","/org-accounts/shares","","","","","object","Outbound + inbound shares","ACCOUNTADMIN","Org Accounts › Shares","","wired","served (gated)"
"Account Overview","org-accounts","GET","/org-accounts/shares/{share_name}","","","share_name*","","object","Per-share detail","ACCOUNTADMIN","Org Accounts › Shares","","wired","served (gated)"
"Account Overview","org-accounts","GET","/org-accounts/storage/databases","","","","","object","Per-database storage","ACCOUNTADMIN","Org Accounts › Storage Databases","P2","MISSING","served (gated)"
"Account Overview","org-accounts","GET","/org-accounts/storage/stages","","","","","object","Per-account stage storage","ACCOUNTADMIN","Org Accounts › Storage Stages","P2","MISSING","served (gated)"
"Account Overview","org-accounts","GET","/org-accounts/storage/trend","","","days","","object","Daily storage trend (org-wide)","ACCOUNTADMIN","Org Accounts › Storage Trend","","wired","served (gated)"
"Account Overview","org-accounts","GET","/org-accounts/usage-analytics","","","days","","object","Usage analytics breakdown","ACCOUNTADMIN","Org Accounts › Usage Analytics","P2","MISSING","served (gated)"
"Account Overview","org-accounts","GET","/org-accounts/warehouses","","","days","","object","Org-wide warehouse usage","ACCOUNTADMIN","Org Accounts › Warehouses","","wired","served (gated)"
"Account Overview","org-accounts","GET","/org-accounts/warehouses/{account_name}","","","account_name*, days","","object","Per-account warehouse cost","ACCOUNTADMIN","Org Accounts › Warehouses","","wired","served (gated)"
"Account Overview","org-accounts","PATCH","/org-accounts/warehouses/{warehouse_name}/auto-suspend","yes","","warehouse_name*","AutoSuspendRequest","object","Set warehouse auto-suspend timeout (orgadmin only)","ACCOUNTADMIN","Org Accounts › Warehouses Auto-Suspend","P1","MISSING","mutation (not probed)"
"Account Overview","org-accounts","POST","/org-accounts/warehouses/{warehouse_name}/resize","yes","","warehouse_name*","ResizeWarehouseRequest","object","Resize a warehouse (orgadmin only)","ACCOUNTADMIN","Org Accounts › Warehouses Resize","P1","MISSING","mutation (not probed)"
"Account Overview","org-accounts","POST","/org-accounts/warehouses/{warehouse_name}/suspend","yes","","warehouse_name*","","object","Suspend an idle warehouse (orgadmin only)","ACCOUNTADMIN","Org Accounts › Warehouses Suspend","P1","MISSING","mutation (not probed)"
"Administration","admin","GET","/admin/activity-stats","","","days","","object","USER_ACTIVITY events grouped by module/project/user","ACCOUNTADMIN","Administration › Activity Stats","P1","MISSING","served (gated)"
"Administration","admin","GET","/admin/api-health/introspect","","","query_id*","","object","Snowflake query + related events behind a probed api-health call","ACCOUNTADMIN","Administration › API Health Introspect","P1","MISSING","served (gated)"
"Administration","admin","POST","/admin/api-health/runs","yes","","","PersistRunBody","object","Persist an api-health probe sweep as a tracked release run","ACCOUNTADMIN","Administration › API Health Runs","P0","MISSING","mutation (not probed)"
"Administration","admin","GET","/admin/api-health/runs","","","release, limit","","object","Per-run KPIs + per-release rollup/trend for the api-health history","ACCOUNTADMIN","Administration › API Health Runs","P1","MISSING","served (gated)"
"Administration","admin","GET","/admin/api-health/runs/{run_id}","","","run_id*","","object","Stored endpoint rows + summary + slowest-N for one persisted run","ACCOUNTADMIN","Administration › API Health Runs","P1","MISSING","served (gated)"
"Administration","admin","GET","/admin/cache/coverage","","","","","object","Cache warm coverage per account/role + @shared_cache self-check","ACCOUNTADMIN","Administration › Cache Coverage","P1","MISSING","served (gated)"
"Administration","admin","POST","/admin/cache/invalidate-surface","yes","","","InvalidateSurfaceRequest","object","Precisely evict one UI surface for one account (all roles)","ACCOUNTADMIN","Administration › Cache Invalidate Surface","P0","MISSING","mutation (not probed)"
"Administration","admin","GET","/admin/cache/svc-health","","","","","object","Per-account SVC connection health (+ dev-fallback flag)","ACCOUNTADMIN","Administration › Cache Svc Health","P1","MISSING","served (gated)"
"Administration","admin","POST","/admin/cache/warm","yes","","","WarmRequest","object","Trigger a one-account cache warm pass","ACCOUNTADMIN","Administration › Cache Warm","P0","MISSING","mutation (not probed)"
"Administration","admin","GET","/admin/endpoint-usage","","","days, limit","","object","Top API endpoints by request count","ACCOUNTADMIN","Administration › Endpoint Usage","P1","MISSING","served (gated)"
"Administration","admin","GET","/admin/server-metrics","","","","","object","Live in-process server metrics","ACCOUNTADMIN","Administration › Server Metrics","P1","MISSING","served (gated)"
"Administration","admin","GET","/admin/service-account/health","","","","","object","Service Account Health","ACCOUNTADMIN","Administration › Service Account Health","P1","MISSING","served (gated)"
"Administration","admin","GET","/admin/svc-registry","","","","","object","Get Svc Registry","ACCOUNTADMIN","Administration › Svc Registry","P1","MISSING","served (gated)"
"Administration","admin","GET","/admin/usage-by","","","dimension, days","","object","AUDIT_LOG request counts grouped by a dimension","ACCOUNTADMIN","Administration › Usage By","P1","MISSING","served (gated)"
"Administration","administration","GET","/administration/performance/{account}/by-cache","","","account*, axis, hours","","object","Cache hit/miss rollup pivoted on a validated axis","ACCOUNTADMIN","Administration › Performance By Cache","P1","MISSING","served (gated)"
"Administration","administration","GET","/administration/performance/{account}/by-endpoint","","","account*, hours, limit","","object","Per-endpoint (method  path) performance rollup","ACCOUNTADMIN","Administration › Performance By Endpoint","P1","MISSING","served (gated)"
"Administration","administration","GET","/administration/performance/{account}/by-module","","","account*, hours","","object","Per-module performance rollup","ACCOUNTADMIN","Administration › Performance By Module","P1","MISSING","served (gated)"
"Administration","administration","GET","/administration/performance/{account}/by-tab","","","account*, hours, limit","","object","Workload rollup per tab (actions behind each tab)","ACCOUNTADMIN","Administration › Performance By Tab","P1","MISSING","served (gated)"
"Administration","administration","GET","/administration/performance/{account}/by-user","","","account*, hours, limit","","object","Per-user activity rollup","ACCOUNTADMIN","Administration › Performance By User","P1","MISSING","served (gated)"
"Administration","administration","GET","/administration/performance/{account}/errors","","","account*, hours, limit","","object","Most-recent errors and RBAC denials","ACCOUNTADMIN","Administration › Performance Errors","P1","MISSING","served (gated)"
"Administration","administration","GET","/administration/performance/{account}/events","","","account*, hours, module, limit","","object","Data360 events audit (USER_ACTIVITY) by module × type","ACCOUNTADMIN","Administration › Performance Events","P1","MISSING","served (gated)"
"Administration","administration","GET","/administration/performance/{account}/events/feed","","","account*, hours, module, event_type, username, status, limit","","object","Most-recent Data360 events with all columns","ACCOUNTADMIN","Administration › Performance Events","P1","MISSING","served (gated)"
"Administration","administration","GET","/administration/performance/{account}/overview","","","account*, hours","","object","Account-grain performance KPIs (USER_REQUESTS)","ACCOUNTADMIN","Administration › Performance Overview","P1","MISSING","served (gated)"
"Administration","administration","GET","/administration/performance/{account}/tab/{tab}","","","account*, tab*, hours, limit","","object","All workloads behind one tab: endpoints  actions  users","ACCOUNTADMIN","Administration › Performance Tab","P1","MISSING","served (gated)"
"Administration","administration","GET","/administration/performance/{account}/user/{username}","","","account*, username*, hours","","object","Per-user performance drill-down","ACCOUNTADMIN","Administration › Performance User","P1","MISSING","served (gated)"
"Administration","administration","GET","/administration/performance/audit/by-account","","","hours, tab, limit","","object","Endpoint audit by account (super-admin: cross-account)","ACCOUNTADMIN","Administration › Performance Audit","P1","MISSING","served (gated)"
"Administration","administration","GET","/administration/platform-health","","","hours, user, module, limit","","object","Account-grain platform-health KPIs (ACCOUNT_USAGE  caller connection — no SVC needed)","ACCOUNTADMIN","Administration › Platform Health","P1","MISSING","served (gated)"
"analytics","analytics","GET","/analytics/user-activity/summary","","","days","","object","User activity summary KPIs","any","Analytics › User Activity Summary","P2","MISSING","served (gated)"
"BI & Reporting","bi-dashboard","POST","/bi-dashboard","yes","","","BIDashboardCreate","object","Create BI dashboard project","BI_ANALYST","BI Dashboard","P1","MISSING","mutation (not probed)"
"BI & Reporting","bi-dashboard","GET","/bi-dashboard/{dashboard_id}/cost","","","dashboard_id*, days","","object","Per-dashboard query cost (credits/bytes)","BI_ANALYST","BI Dashboard › Cost","P2","MISSING","served (gated)"
"BI & Reporting","bi-dashboard","POST","/bi-dashboard/{dashboard_id}/drill-through","yes","","dashboard_id*","DrillThroughRequest","object","Drill through widget data","BI_ANALYST","BI Dashboard › Drill-Through","P1","MISSING","mutation (not probed)"
"BI & Reporting","bi-dashboard","GET","/bi-dashboard/{project_id}","","","project_id*","","object","Get dashboard design","BI_ANALYST","BI Dashboard","P2","MISSING","served (gated)"
"BI & Reporting","bi-dashboard","PUT","/bi-dashboard/{project_id}","yes","","project_id*","BIDashboardCreate","object","Update dashboard metadata","BI_ANALYST","BI Dashboard","P1","MISSING","mutation (not probed)"
"BI & Reporting","bi-dashboard","DELETE","/bi-dashboard/{project_id}","yes","","project_id*","","object","Delete dashboard project","BI_ANALYST","BI Dashboard","P1","MISSING","mutation (not probed)"
"BI & Reporting","bi-dashboard","GET","/bi-dashboard/{project_id}/export","","","project_id*","","object","Export dashboard config + widget data as JSON","BI_ANALYST","BI Dashboard › Export","P2","MISSING","not-probed"
"BI & Reporting","bi-dashboard","POST","/bi-dashboard/{project_id}/filters","yes","","project_id*","DashboardFilterCreate","object","Add filter","BI_ANALYST","BI Dashboard › Filters","P1","MISSING","mutation (not probed)"
"BI & Reporting","bi-dashboard","GET","/bi-dashboard/{project_id}/filters","","","project_id*, page_id","","object","List filters","BI_ANALYST","BI Dashboard › Filters","P2","MISSING","served (gated)"
"BI & Reporting","bi-dashboard","DELETE","/bi-dashboard/{project_id}/filters/{filter_id}","yes","","project_id*, filter_id*","","object","Delete filter","BI_ANALYST","BI Dashboard › Filters","P1","MISSING","mutation (not probed)"
"BI & Reporting","bi-dashboard","POST","/bi-dashboard/{project_id}/pages","yes","","project_id*","PageCreate","object","Add page","BI_ANALYST","BI Dashboard › Pages","P1","MISSING","mutation (not probed)"
"BI & Reporting","bi-dashboard","GET","/bi-dashboard/{project_id}/pages","","","project_id*","","object","List pages","BI_ANALYST","BI Dashboard › Pages","P2","MISSING","served (gated)"
"BI & Reporting","bi-dashboard","PUT","/bi-dashboard/{project_id}/pages/{page_id}","yes","","project_id*, page_id*","PageUpdate","object","Update page","BI_ANALYST","BI Dashboard › Pages","P1","MISSING","mutation (not probed)"
"BI & Reporting","bi-dashboard","DELETE","/bi-dashboard/{project_id}/pages/{page_id}","yes","","project_id*, page_id*","","object","Delete page","BI_ANALYST","BI Dashboard › Pages","P1","MISSING","mutation (not probed)"
"BI & Reporting","bi-dashboard","POST","/bi-dashboard/{project_id}/publish","yes","","project_id*","","object","Publish dashboard (draft → live)","BI_ANALYST","BI Dashboard › Publish","P1","MISSING","mutation (not probed)"
"BI & Reporting","bi-dashboard","POST","/bi-dashboard/{project_id}/render","yes","","project_id*","DashboardRenderRequest","object","Batch render all widgets on a page","BI_ANALYST","BI Dashboard › Render","P1","MISSING","mutation (not probed)"
"BI & Reporting","bi-dashboard","POST","/bi-dashboard/{project_id}/share","yes","","project_id*","DashboardShareCreate","object","Share dashboard with a user or role","BI_ANALYST","BI Dashboard › Share","P1","MISSING","mutation (not probed)"
"BI & Reporting","bi-dashboard","GET","/bi-dashboard/{project_id}/shares","","","project_id*","","object","List dashboard share grants","BI_ANALYST","BI Dashboard › Shares","P2","MISSING","served (gated)"
"BI & Reporting","bi-dashboard","DELETE","/bi-dashboard/{project_id}/shares/{share_id}","yes","","project_id*, share_id*","","object","Revoke a dashboard share grant","BI_ANALYST","BI Dashboard › Share","P1","MISSING","mutation (not probed)"
"BI & Reporting","bi-dashboard","POST","/bi-dashboard/{project_id}/snapshot","yes","","project_id*","","object","Save dashboard design as version","BI_ANALYST","BI Dashboard › Snapshot","P1","MISSING","mutation (not probed)"
"BI & Reporting","bi-dashboard","GET","/bi-dashboard/{project_id}/status","","","project_id*","","object","Get dashboard publish status","BI_ANALYST","BI Dashboard › Status","P2","MISSING","served (gated)"
"BI & Reporting","bi-dashboard","POST","/bi-dashboard/{project_id}/unpublish","yes","","project_id*","","object","Unpublish dashboard (live → draft)","BI_ANALYST","BI Dashboard › Unpublish","P1","MISSING","mutation (not probed)"
"BI & Reporting","bi-dashboard","POST","/bi-dashboard/{project_id}/widgets","yes","","project_id*","DashboardWidgetCreate","object","Add widget to page","BI_ANALYST","BI Dashboard › Widgets","P1","MISSING","mutation (not probed)"
"BI & Reporting","bi-dashboard","GET","/bi-dashboard/{project_id}/widgets","","","project_id*, page_id","","object","List widgets","BI_ANALYST","BI Dashboard › Widgets","P2","MISSING","served (gated)"
"BI & Reporting","bi-dashboard","PUT","/bi-dashboard/{project_id}/widgets/{widget_id}","yes","","project_id*, widget_id*","DashboardWidgetUpdate","object","Update widget","BI_ANALYST","BI Dashboard › Widgets","P1","MISSING","mutation (not probed)"
"BI & Reporting","bi-dashboard","DELETE","/bi-dashboard/{project_id}/widgets/{widget_id}","yes","","project_id*, widget_id*","","object","Delete widget","BI_ANALYST","BI Dashboard › Widgets","P1","MISSING","mutation (not probed)"
"BI & Reporting","bi-dashboard","POST","/bi-dashboard/auto-create","yes","","","AutoCreateRequest","object","Auto-create dashboard from table or schema","BI_ANALYST","BI Dashboard › Auto-Create","P1","MISSING","mutation (not probed)"
"BI & Reporting","bi-dashboard","POST","/bi-dashboard/charts/data","yes","","","ChartConfig","object","Get chart data","BI_ANALYST","BI Dashboard › Charts Data","P1","MISSING","mutation (not probed)"
"BI & Reporting","bi-dashboard","POST","/bi-dashboard/nl-to-chart","yes","","","NlToChartRequest","object","Generate chart from natural language","BI_ANALYST","BI Dashboard › NL-to-Chart","P1","MISSING","mutation (not probed)"
"BI & Reporting","bi-dashboard","GET","/bi-dashboard/retail-kpis","","","database, schema, days","","object","Get retail KPIs","BI_ANALYST","BI Dashboard › Retail Kpis","P2","MISSING","served (gated)"
"BI & Reporting","bi-dashboard","GET","/bi-dashboard/templates","","","","","object","List dashboard templates","BI_ANALYST","BI Dashboard › Templates","P2","MISSING","served (gated)"
"cache-stream","cache-stream","GET","/cache-stream/available-keys","","","","","object","Available cache keys","ACCOUNTADMIN","Administration › Available Keys","P2","MISSING","not-probed"
"cache-stream","cache-stream","GET","/cache-stream/last-invalidation/{cache_key}","","","cache_key*","","object","Last invalidation time","ACCOUNTADMIN","Administration › Last Invalidation","P2","MISSING","not-probed"
"cache-stream","cache-stream","GET","/cache-stream/stats","","","","","object","Cache stream stats","ACCOUNTADMIN","Administration › Stats","P2","MISSING","not-probed"
"cache-stream","cache-stream","GET","/cache-stream/stream","","","token","","object","Cache SSE stream","ACCOUNTADMIN","Administration › Stream","P2","MISSING","not-probed"
"cache-stream","cache-stream","POST","/cache-stream/test-invalidation","yes","","","TestInvalidationRequest","object","Test cache invalidation","ACCOUNTADMIN","Administration › Test Invalidation","P1","MISSING","mutation (not probed)"
"Catalog","catalog","GET","/catalog/events","","","product_id, object_fqn, event_type, since_iso, limit, offset","","object","Catalog event timeline (PROJECT_EVENTS WHERE module=CATALOG)","BI_ANALYST","Catalog › Events","P2","MISSING","served (gated)"
"Catalog","catalog","GET","/catalog/kpis","","","product_id, status, limit","","object","List KPI catalog entries","BI_ANALYST","Catalog › KPIs","P2","MISSING","served (gated)"
"Catalog","catalog","POST","/catalog/kpis","yes","","","CreateKpiBody","object","Create a KPI","RETAIL_DATA_ENGINEER","Catalog › KPIs","P1","MISSING","mutation (not probed)"
"Catalog","catalog","GET","/catalog/kpis/{kpi_id}","","","kpi_id*","","object","Get one KPI","BI_ANALYST","Catalog › KPIs","P2","MISSING","served (gated)"
"Catalog","catalog","POST","/catalog/kpis/{kpi_id}/validate","yes","","kpi_id*","","object","Flip KPI DRAFT → VALIDATED","RETAIL_GOVERNOR","Catalog › KPIs","P1","MISSING","mutation (not probed)"
"Catalog","catalog","GET","/catalog/objects/{object_fqn}/history","","","object_fqn*, since_hours, limit, include_data_access","","object","Per-object history — UNION of PROJECT_EVENTS + USER_REQUESTS + ACCOUNT_USAGE.ACCESS_HISTORY","BI_ANALYST","Catalog › Objects History","P2","MISSING","served (gated)"
"Catalog","catalog","GET","/catalog/objects/{object_id}/360","","","object_id*, include_profile, sample_size, include_dependencies, include_usage, include_finops, include_recommendations, period","","object","Object 360 — superset of /deep-dive (adds usage  finops  recos  scores)","BI_ANALYST","Catalog › Objects 360","P2","MISSING","served (gated)"
"Catalog","catalog","POST","/catalog/objects/{object_id}/clustering/apply","yes","","object_id*","ClusteringApplyBody","object","Apply a clustering-key recommendation — ALTER TABLE <fqn> CLUSTER BY (<cols>)","RETAIL_DATA_ENGINEER","Catalog › Objects","P1","MISSING","mutation (not probed)"
"Catalog","catalog","GET","/catalog/objects/{object_id}/scores","","","object_id*","","object","Persisted scores for one object (None if never computed)","BI_ANALYST","Catalog › Objects Scores","P2","MISSING","served (gated)"
"Catalog","catalog","POST","/catalog/objects/{object_id}/scores/recompute","yes","","object_id*","","object","Compute + persist scores for one object","RETAIL_DATA_ENGINEER","Catalog › Objects Scores","P1","MISSING","mutation (not probed)"
"Catalog","catalog","GET","/catalog/overview","","","account_id","","object","Account-wide catalog snapshot","BI_ANALYST","Catalog › Overview","P2","MISSING","served (gated)"
"Catalog","catalog","GET","/catalog/products","","","","","object","List data products + trust score","BI_ANALYST","Catalog › Products","P2","MISSING","served (gated)"
"Catalog","catalog","GET","/catalog/products/{product_id}/assets","","","product_id*","","object","Objects bound to this product","BI_ANALYST","Catalog › Products Assets","P2","MISSING","served (gated)"
"Catalog","catalog","POST","/catalog/products/{product_id}/generate-kpis","yes","","product_id*","GenerateKpisBody","object","Auto-generate KPI drafts for a product","RETAIL_AI_ENGINEER","Catalog › Products","P1","MISSING","mutation (not probed)"
"Catalog","catalog","GET","/catalog/products/{product_id}/kpis","","","product_id*, status","","object","KPIs bound to product","BI_ANALYST","Catalog › Products KPIs","P2","MISSING","served (gated)"
"Catalog","catalog","GET","/catalog/products/{product_id}/lineage","","","product_id*","","object","Anchor table + 1-hop neighbours","BI_ANALYST","Catalog › Products Lineage","P2","MISSING","served (gated)"
"Catalog","catalog","GET","/catalog/products/{product_id}/overview","","","product_id*","","object","Product card + scoring + counts","BI_ANALYST","Catalog › Products Overview","P2","MISSING","served (gated)"
"Catalog","catalog","POST","/catalog/products/{product_id}/publish","yes","","product_id*","","object","Flip product DRAFT → PUBLISHED + emit event","RETAIL_GOVERNOR","Catalog › Products","P1","MISSING","mutation (not probed)"
"Catalog","catalog","POST","/catalog/products/{product_id}/recommend-model","yes","","product_id*","","object","Queue a Cortex model proposal for this product","RETAIL_AI_ENGINEER","Catalog › Products","P1","MISSING","mutation (not probed)"
"Catalog","catalog","GET","/catalog/profile/{database}/{schema}/{table}","","","database*, schema*, table*, sample_size","","object","Per-column null % + approx distinct (sampled ≤1000 rows  no full scan)","BI_ANALYST","Catalog › Profile","P2","MISSING","served (gated)"
"Catalog","catalog","GET","/catalog/recommendations","","","product_id, object_fqn, severity, limit","","object","Open recommendations filtered by scope (account/product/object/severity)","BI_ANALYST","Catalog › Recommendations","P2","MISSING","served (gated)"
"Catalog","catalog","POST","/catalog/recommendations/{reco_id}/apply","yes","","reco_id*","ApplyRecoBody","object","Mark a recommendation as applied + cascade cache invalidation","RETAIL_DATA_ENGINEER","Catalog › Recommendations Apply","P1","MISSING","mutation (not probed)"
"Catalog","catalog","POST","/catalog/refresh","yes","","","RefreshBody","object","Trigger catalog refresh (sync or background)","RETAIL_DATA_ENGINEER","Catalog › Refresh","P1","MISSING","mutation (not probed)"
"Catalog","catalog","GET","/catalog/refresh/{run_id}","","","run_id*","","object","Refresh run status","BI_ANALYST","Catalog › Refresh","P2","MISSING","served (gated)"
"Catalog","catalog","GET","/catalog/scores","","","","","object","Account-wide score rollup","BI_ANALYST","Catalog › Scores","P2","MISSING","served (gated)"
"Catalog","catalog","GET","/catalog/sources","","","limit, offset","","object","Sources catalog — Snowflake DBs + connectors","BI_ANALYST","Catalog › Sources","P2","MISSING","served (gated)"
"Catalog","catalog","GET","/catalog/tables/{database}/{schema}/{table}/context","","","database*, schema*, table*","","object","SmartRightBar Section 1 — table context (stats + tags + cost/dq)","BI_ANALYST","Catalog › Tables Context","P2","MISSING","served (gated)"
"Catalog","catalog","GET","/catalog/tables/{database}/{schema}/{table}/governance","","","database*, schema*, table*","","object","SmartRightBar Section 3 — tags  masking/RLS policies  PII flags","BI_ANALYST","Catalog › Tables Governance","P2","MISSING","served (gated)"
"Catalog","catalog","GET","/catalog/tables/{database}/{schema}/{table}/ingestion","","","database*, schema*, table*","","object","SmartRightBar Section 5 — last loads + tasks/streams (best-effort)","BI_ANALYST","Catalog › Tables Ingestion","P2","MISSING","served (gated)"
"Catalog","catalog","GET","/catalog/tables/{database}/{schema}/{table}/lineage","","","database*, schema*, table*","","object","SmartRightBar Section 4 — 1-hop upstream + downstream lineage","BI_ANALYST","Catalog › Tables Lineage","P2","MISSING","served (gated)"
"Catalog","catalog","GET","/catalog/tables/{database}/{schema}/{table}/ownership","","","database*, schema*, table*","","object","SmartRightBar Section 6 — owner role + top reader users 30d","BI_ANALYST","Catalog › Tables Ownership","P2","MISSING","served (gated)"
"Catalog","catalog","POST","/catalog/tables/notify-consumers","yes","","","NotifyConsumersBody","object","Flag a table change for recent readers — records it in History + returns recent-reader count (no direct delivery: readers aren't resolvable to recipients)","RETAIL_DATA_ENGINEER","Catalog › Tables Notify Consumers","P1","MISSING","mutation (not probed)"
"Catalog","catalog","GET","/catalog/tags/flow","","","limit","","object","Tag usage aggregation — tag_name → count of tagged objects","BI_ANALYST","Catalog › Tags Flow","P2","MISSING","served (gated)"
"Command Center","command-center","GET","/command-center/activity-feed","","","page, page_size, module_name, username","","object","Unified activity feed","ACCOUNTADMIN","Command Center › Activity Feed","P2","MISSING","served (gated)"
"Command Center","command-center","GET","/command-center/audit/access-history","","","days, user, object_type, limit","","object","Data access audit trail","ACCOUNTADMIN","Command Center › Audit Access History","P2","MISSING","served (gated)"
"Command Center","command-center","GET","/command-center/audit/login-history","","","days, user, status, limit","","object","Login audit trail","ACCOUNTADMIN","Command Center › Audit Login History","P2","MISSING","served (gated)"
"Command Center","command-center","GET","/command-center/audit/query-history","","","days, user, warehouse, status, limit","","object","Query history audit table","ACCOUNTADMIN","Command Center › Audit Query History","P2","MISSING","served (gated)"
"Command Center","command-center","GET","/command-center/cache-metrics","","","","","object","Cache  warming & per-endpoint call metrics (admin observability)","ACCOUNTADMIN","Command Center › Cache Metrics","P2","MISSING","served (gated)"
"Command Center","command-center","GET","/command-center/clustering-costs","","","days","","object","Per-table auto-clustering cost","ACCOUNTADMIN","Command Center › Clustering Costs","P2","MISSING","served (gated)"
"Command Center","command-center","GET","/command-center/cost-breakdown","","","days, warehouse, user","","object","Comprehensive cost intelligence","ACCOUNTADMIN","Command Center › Cost Breakdown","P2","MISSING","served (gated)"
"Command Center","command-center","GET","/command-center/cost-by-service","","","days","","object","Credit cost by service type","ACCOUNTADMIN","Command Center › Cost By Service","P2","MISSING","served (gated)"
"Command Center","command-center","GET","/command-center/cost-by-warehouse","","","days, warehouse","","object","Per-warehouse credit cost (compute/cloud split)","ACCOUNTADMIN","Command Center › Cost By Warehouse","P2","MISSING","served (gated)"
"Command Center","command-center","GET","/command-center/cross-module","","","days, user, warehouse, database, role, module","","object","Cross-module intelligence with join queries","ACCOUNTADMIN","Command Center › Cross Module","P2","MISSING","served (gated)"
"Command Center","command-center","GET","/command-center/dwh-proposal","","","days, view","","object","DWH improvement proposal — all pain points + audit/workflow CTAs (gov · dedup · perf · cost · DQ)","ACCOUNTADMIN","Command Center › Dwh Proposal","P2","MISSING","served (gated)"
"Command Center","command-center","GET","/command-center/filter-options","","","days","","object","Smart filter options with counts","ACCOUNTADMIN","Command Center › Filter Options","P2","MISSING","served (gated)"
"Command Center","command-center","GET","/command-center/infrastructure","","","days","","object","Snowflake infrastructure snapshot","ACCOUNTADMIN","Command Center › Infrastructure","P2","MISSING","served (gated)"
"Command Center","command-center","GET","/command-center/kpis","","","days","","object","All four KPI dimensions (dq+gov+perf+cost) in one call","ACCOUNTADMIN","Command Center › KPIs","P2","MISSING","served (gated)"
"Command Center","command-center","GET","/command-center/kpis/{dimension}","","","dimension*, days","","object","Exhaustive KPI scorecards + auditable detail table for one dimension (dq|gov|perf|cost)","ACCOUNTADMIN","Command Center › KPIs","P2","MISSING","served (gated)"
"Command Center","command-center","GET","/command-center/module-health","","","module","","object","Per-module health status","ACCOUNTADMIN","Command Center › Module Health","P2","MISSING","served (gated)"
"Command Center","command-center","GET","/command-center/mv-refresh-costs","","","days","","object","Per-MV refresh cost","ACCOUNTADMIN","Command Center › Mv Refresh Costs","P2","MISSING","served (gated)"
"Command Center","command-center","GET","/command-center/object-enrichment","","","days, credit_rate","","object","Per-object USAGE + attributed COST + project/product tag link (single FULL-OUTER payload)","ACCOUNTADMIN","Command Center › Object Enrichment","P2","MISSING","served (gated)"
"Command Center","command-center","GET","/command-center/object-lineage","","","database*, schema*, object*, days","","object","Real 1-hop object lineage graph (OBJECT_DEPENDENCIES + ACCESS_HISTORY)","ACCOUNTADMIN","Command Center › Object Lineage","P2","MISSING","served (gated)"
"Command Center","command-center","GET","/command-center/overview-kpis","","","range","","object","Consolidated Overview-tab payload (9 cards + 6 donuts + 2 panels)","ACCOUNTADMIN","Command Center › Overview KPIs","P2","MISSING","served (gated)"
"Command Center","command-center","POST","/command-center/overview-kpis/install","yes","","","","object","Provision DATA360_CACHE.OVERVIEW_KPIS (table + proc + tasks) — super-admin","ACCOUNTADMIN","Command Center › Overview KPIs","P1","MISSING","mutation (not probed)"
"Command Center","command-center","POST","/command-center/overview-kpis/refresh","yes","","range","","object","Force refresh of OVERVIEW_KPIS cache for the given range","ACCOUNTADMIN","Command Center › Overview KPIs","P1","MISSING","mutation (not probed)"
"Command Center","command-center","GET","/command-center/pipe-usage","","","days","","object","Per-pipe Snowpipe cost & throughput","ACCOUNTADMIN","Command Center › Pipe Usage","P2","MISSING","served (gated)"
"Command Center","command-center","GET","/command-center/pipelines","","","days","","object","Pipeline & ingestion health","ACCOUNTADMIN","Command Center › Pipelines","P2","MISSING","served (gated)"
"Command Center","command-center","GET","/command-center/profiling/column","","","table*, column*, limit","","object","Profile a column — distinct values  nulls  distribution","ACCOUNTADMIN","Command Center › Profiling Column","P2","MISSING","served (gated)"
"Command Center","command-center","GET","/command-center/projects/{project_id}/rollup","","","project_id*, days","","object","Per-project precomputed KPI rollup (DQ·PERF·GOV·STORAGE+COST+recos)  cheap table read","ACCOUNTADMIN","Command Center › Projects Rollup","P2","MISSING","served (gated)"
"Command Center","command-center","GET","/command-center/projects/{project_id}/scores","","","project_id*, days","","object","Per-project DQ/COST/PERF/GOV scores  each flagged scope=project|account","ACCOUNTADMIN","Command Center › Projects Scores","P2","MISSING","served (gated)"
"Command Center","command-center","GET","/command-center/query-intelligence","","","days, user, warehouse","","object","Top queries  slow queries  errors","ACCOUNTADMIN","Command Center › Query Intelligence","P2","MISSING","served (gated)"
"Command Center","command-center","GET","/command-center/recommendations","","","days","","object","Actionable recommendations + CTAs across DQ/GOV/PERF/STORAGE/COST","ACCOUNTADMIN","Command Center › Recommendations","P2","MISSING","served (gated)"
"Command Center","command-center","GET","/command-center/recommendations/{dimension}","","","dimension*, days","","object","Recommendations + CTAs for one dimension (dq|gov|perf|storage|cost)","ACCOUNTADMIN","Command Center › Recommendations","P2","MISSING","served (gated)"
"Command Center","command-center","GET","/command-center/role-hierarchy","","","","","object","Role inheritance tree + per-role priv/user counts","ACCOUNTADMIN","Command Center › Role Hierarchy","P2","MISSING","served (gated)"
"Command Center","command-center","GET","/command-center/security-audit","","","days, user","","object","Security & audit intelligence","ACCOUNTADMIN","Command Center › Security Audit","P2","MISSING","served (gated)"
"Command Center","command-center","GET","/command-center/snowflake-insights","","","","","object","AI analysis of Snowflake features → actionable  coherently-routed insights","ACCOUNTADMIN","Command Center › Snowflake Insights","P2","MISSING","served (gated)"
"Command Center","command-center","GET","/command-center/summary","","","user, warehouse, database, role","","object","Executive summary — all-module KPIs","ACCOUNTADMIN","Command Center › Summary","P2","MISSING","served (gated)"
"Command Center","command-center","GET","/command-center/table-storage","","","limit","","object","Per-table storage breakdown (active/TT/failsafe/clone + est $)","ACCOUNTADMIN","Command Center › Table Storage","P2","MISSING","served (gated)"
"Command Center","command-center","GET","/command-center/tabs/{tab}","","","tab*, days, account_name","","object","Consolidated per-tab payload (kpis+charts+tables)","ACCOUNTADMIN","Command Center › Tabs","P2","MISSING","served (gated)"
"Command Center","command-center","GET","/command-center/task-history","","","days","","object","Per-task execution + serverless cost","ACCOUNTADMIN","Command Center › Task History","P2","MISSING","served (gated)"
"Command Center","command-center","GET","/command-center/time-context","","","preset, start_date, end_date","","object","Parse time range + compute comparison period","ACCOUNTADMIN","Command Center › Time Context","P2","MISSING","served (gated)"
"Command Center","command-center","GET","/command-center/user-activity-monitor","","","days, account","","object","Per-user activity & error rollup from EVENT_STORE.USER_REQUESTS","ACCOUNTADMIN","Command Center › User Activity Monitor","P2","MISSING","served (gated)"
"Command Center","command-center","GET","/command-center/user-activity-monitor/errors","","","days, limit, user, account, min_status","","object","Recent per-user errors from EVENT_STORE.USER_REQUESTS","ACCOUNTADMIN","Command Center › User Activity Monitor Errors","P2","MISSING","served (gated)"
"Command Center","command-center","GET","/command-center/warehouse-performance","","","days, warehouse","","object","Warehouse utilization & performance","ACCOUNTADMIN","Command Center › Warehouse Performance","P2","MISSING","served (gated)"
"Command Center","command-center","POST","/command-center/warm-user-cache","yes","","","","object","Warm all essential caches for current user","any","Command Center › Cache Warm","P1","MISSING","mutation (not probed)"
"common","common","GET","/common/databases","","","","","object","Step 2: Choose database","any","Common › Databases","P2","MISSING","served (gated)"
"common","common","GET","/common/get_table_columns","","","database_name, schema_name, table_name, database, schema, table","","object","Get table columns","any","Common › Get Table Columns","P2","MISSING","served (gated)"
"common","common","GET","/common/get_table_columns/","","","database_name, schema_name, table_name, database, schema, table","","object","Get table columns (trailing slash)","any","Common › Get Table Columns","P2","MISSING","served (gated)"
"common","common","GET","/common/schemas/{database_name}","","","database_name*","","object","Step 3: Choose schema","any","Common › Schemas","P2","MISSING","served (gated)"
"common","common","GET","/common/tables/{database_name}/{schema_name}","","","database_name*, schema_name*","","object","Step 4: Choose table","any","Common › Tables","P2","MISSING","served (gated)"
"Connect Data","connect","POST","/connect/aws/stage","yes","","","AWSStageBody","object","Create AWS stage","RETAIL_DATA_ENGINEER","Connect Data › AWS Stage","","wired","mutation (not probed)"
"Connect Data","connect","POST","/connect/aws/storage_integration","yes","","","AWSStorageIntegrationBody","object","Create AWS storage integration","RETAIL_DATA_ENGINEER","Connect Data › AWS Storage Integration","","wired","mutation (not probed)"
"Connect Data","connect","POST","/connect/azure/notification_integration","yes","","","AzureNotificationIntegrationBody","object","Create Azure notification integration","RETAIL_DATA_ENGINEER","Connect Data › Azure Notification Integration","","wired","mutation (not probed)"
"Connect Data","connect","POST","/connect/azure/snowpipe","yes","","","AzureSnowpipeBody","object","Create Azure Snowpipe","RETAIL_DATA_ENGINEER","Connect Data › Azure Snowpipe","","wired","mutation (not probed)"
"Connect Data","connect","POST","/connect/azure/stage","yes","","","AzureStageBody","object","Create Azure external stage (pre-hook: consent done)","RETAIL_DATA_ENGINEER","Connect Data › Azure Stage","","wired","mutation (not probed)"
"Connect Data","connect","POST","/connect/azure/storage_integration","yes","","","AzureStorageIntegrationBody","object","Create Azure storage integration (post-hook: user consent in Azure)","RETAIL_DATA_ENGINEER","Connect Data › Azure Storage Integration","","wired","mutation (not probed)"
"Connect Data","connect","GET","/connect/connectors","","","","","object","List available connector types and capabilities","RETAIL_DATA_ENGINEER","Connect Data › Connectors","","wired","served (gated)"
"Connect Data","connect","GET","/connect/connectors/{connector_id}","","","connector_id*","","object","Connector detail (catalog entry + best-effort last-sync)","RETAIL_DATA_ENGINEER","Connect Data › Connectors","P1","MISSING","served (gated)"
"Connect Data","connect","POST","/connect/connectors/{connector_id}/sync","yes","","connector_id*","","object","Trigger a connector sync (EXECUTE TASK) — 409 if no target","RETAIL_DATA_ENGINEER","Connect Data › Connectors Sync","P0","MISSING","mutation (not probed)"
"Connect Data","connect","POST","/connect/connectors/{connector_id}/test","yes","","connector_id*","","object","Validate connector connectivity config (no fake success)","RETAIL_DATA_ENGINEER","Connect Data › Connectors Test","P0","MISSING","mutation (not probed)"
"Connect Data","connect","GET","/connect/connectors/health","","","","","object","Health status of all connected sources","RETAIL_DATA_ENGINEER","Connect Data › Connectors Health","P1","MISSING","served (gated)"
"Connect Data","connect","POST","/connect/databricks/catalogs","yes","","","DatabricksConnectBody","object","List Databricks catalogs","RETAIL_DATA_ENGINEER","Connect Data › Databricks Catalogs","","wired","mutation (not probed)"
"Connect Data","connect","POST","/connect/databricks/ingest","yes","","","DatabricksIngestBody","object","Ingest Databricks tables into Snowflake","RETAIL_DATA_ENGINEER","Connect Data › Databricks Ingest","","wired","mutation (not probed)"
"Connect Data","connect","POST","/connect/databricks/schemas","yes","","catalog*","DatabricksConnectBody","object","List schemas in a catalog","RETAIL_DATA_ENGINEER","Connect Data › Databricks Schemas","","wired","mutation (not probed)"
"Connect Data","connect","POST","/connect/databricks/tables","yes","","catalog*, schema_name*","DatabricksConnectBody","object","List tables in a schema","RETAIL_DATA_ENGINEER","Connect Data › Databricks Tables","","wired","mutation (not probed)"
"Connect Data","connect","POST","/connect/databricks/test","yes","","","DatabricksConnectBody","object","Test Databricks connection","RETAIL_DATA_ENGINEER","Connect Data › Databricks Test","","wired","mutation (not probed)"
"Connect Data","connect","POST","/connect/gcs/notification_integration","yes","","","GCSNotificationIntegrationBody","object","Create GCS notification integration","RETAIL_DATA_ENGINEER","Connect Data › GCS Notification Integration","P0","MISSING","mutation (not probed)"
"Connect Data","connect","POST","/connect/gcs/stage","yes","","","GCSStageBody","object","Create GCS external stage","RETAIL_DATA_ENGINEER","Connect Data › GCS Stage","P0","MISSING","mutation (not probed)"
"Connect Data","connect","POST","/connect/gcs/storage_integration","yes","","","GCSStorageIntegrationBody","object","Create GCS storage integration","RETAIL_DATA_ENGINEER","Connect Data › GCS Storage Integration","P0","MISSING","mutation (not probed)"
"Connect Data","connect","POST","/connect/iceberg/ingest","yes","","","IcebergIngestBody","object","Ingest Iceberg tables into Snowflake","RETAIL_DATA_ENGINEER","Connect Data › Iceberg Ingest","","wired","mutation (not probed)"
"Connect Data","connect","POST","/connect/iceberg/namespaces","yes","","","IcebergConnectBody","object","List Iceberg namespaces","RETAIL_DATA_ENGINEER","Connect Data › Iceberg Namespaces","","wired","mutation (not probed)"
"Connect Data","connect","POST","/connect/iceberg/tables","yes","","namespace*","IcebergConnectBody","object","List tables in a namespace","RETAIL_DATA_ENGINEER","Connect Data › Iceberg Tables","","wired","mutation (not probed)"
"Connect Data","connect","POST","/connect/iceberg/test","yes","","","IcebergConnectBody","object","Test Iceberg REST catalog connection","RETAIL_DATA_ENGINEER","Connect Data › Iceberg Test","","wired","mutation (not probed)"
"Connect Data","connect","GET","/connect/integration","","","integration_name","","object","List or describe storage integrations (DESC INTEGRATION)","RETAIL_DATA_ENGINEER","Connect Data › Integration","","wired","served (gated)"
"Connect Data","connect","PATCH","/connect/integration/{integration_name}","yes","","integration_name*","AlterStorageIntegrationBody","object","Edit storage integration (ALTER STORAGE INTEGRATION)","RETAIL_DATA_ENGINEER","Connect Data › Integration","P0","MISSING","mutation (not probed)"
"Connect Data","connect","POST","/connect/mysql/ingest","yes","","","MySQLIngestBody","object","Ingest MySQL into Snowflake (standardized API)","RETAIL_DATA_ENGINEER","Connect Data › MySQL Ingest","","wired","mutation (not probed)"
"Connect Data","connect","POST","/connect/oracle/ingest","yes","","","OracleIngestBody","object","Ingest Oracle data into Snowflake","RETAIL_DATA_ENGINEER","Connect Data › Oracle Ingest","P0","MISSING","mutation (not probed)"
"Connect Data","connect","POST","/connect/oracle/sample-stage","yes","","","","object","Load Oracle sample CSVs into Snowflake stage","RETAIL_DATA_ENGINEER","Connect Data › Oracle Sample Stage","P0","MISSING","mutation (not probed)"
"Connect Data","connect","POST","/connect/oracle/test","yes","","","OracleIngestBody","object","Test Oracle connection","RETAIL_DATA_ENGINEER","Connect Data › Oracle Test","P0","MISSING","mutation (not probed)"
"Connect Data","connect","POST","/connect/postgres/ingest","yes","","","PostgresIngestBody","object","Ingest PostgreSQL into Snowflake (standardized API)","RETAIL_DATA_ENGINEER","Connect Data › PostgreSQL Ingest","","wired","mutation (not probed)"
"Connect Data","connect","GET","/connect/snowflake_lake/databases","","","","","object","Step 2: Choose database","RETAIL_DATA_ENGINEER","Connect Data › Snowflake Lake Databases","P1","MISSING","served (gated)"
"Connect Data","connect","POST","/connect/snowflake_lake/datalake/connect","yes","","","SnowflakeDatalakeConnectBody","object","Connect Snowflake datalake","RETAIL_DATA_ENGINEER","Connect Data › Snowflake Lake Datalake","","wired","mutation (not probed)"
"Connect Data","connect","GET","/connect/snowflake_lake/schemas/{database_name}","","","database_name*","","object","Step 3: Choose schema","RETAIL_DATA_ENGINEER","Connect Data › Snowflake Lake Schemas","P1","MISSING","served (gated)"
"Connect Data","connect","GET","/connect/snowflake_lake/tables/{database_name}/{schema_name}","","","database_name*, schema_name*","","object","Step 4: Choose table","RETAIL_DATA_ENGINEER","Connect Data › Snowflake Lake Tables","P1","MISSING","served (gated)"
"Connect Data","connect","GET","/connect/source-catalog","","","database","","object","Enterprise source catalog with lineage  freshness  and domain tags","RETAIL_DATA_ENGINEER","Connect Data › Source Catalog","P1","MISSING","served (gated)"
"Connect Data","connect","GET","/connect/stages","","","page, page_size, sort_by, sort_dir, search","","object","List all stages","RETAIL_DATA_ENGINEER","Connect Data › Stages","","wired","served (gated)"
"Connect Data","connect","GET","/connect/stages/{stage_name}/files","","","stage_name*, path, sort","","object","List files in a stage","RETAIL_DATA_ENGINEER","Connect Data › Stages Files","","wired","served (gated)"
"Connect Data","connect","DELETE","/connect/stages/{stage_name}/files/{file_path}","yes","","stage_name*, file_path*","","object","Delete file (Datalake Browser)","RETAIL_DATA_ENGINEER","Connect Data › Stages Files","","wired","mutation (not probed)"
"Connect Data","connect","GET","/connect/stages/{stage_name}/files/{file_path}/download","","","stage_name*, file_path*","","object","Download file (Datalake Browser)","RETAIL_DATA_ENGINEER","Connect Data › Stages Files","","wired","not-probed"
"Connect Data","connect","GET","/connect/stages/{stage_name}/files/{file_path}/preview","","","stage_name*, file_path*, limit, offset, format","","object","Preview file content (Datalake Browser)","RETAIL_DATA_ENGINEER","Connect Data › Stages Files","","wired","served (gated)"
"Connect Data","connect","GET","/connect/stages/{stage_name}/grants","","","stage_name*","","object","List grants on a stage (governance)","RETAIL_DATA_ENGINEER","Connect Data › Stages Grants","","wired","served (gated)"
"Connect Data","connect","POST","/connect/stages/{stage_name}/upload","yes","","stage_name*, overwrite, path","","object","Upload files (Datalake Browser)","RETAIL_DATA_ENGINEER","Connect Data › Stages Upload","","wired","mutation (not probed)"
"Connect Data","connect","POST","/connect/stages/internal","yes","","","InternalStageBody","object","Create internal stage (raw zone upload)","RETAIL_DATA_ENGINEER","Connect Data › Stages Internal","","wired","mutation (not probed)"
"Connect Data","connect","POST","/connect/tasks/{task_name}/resume","yes","","task_name*","","object","Resume a suspended task","RETAIL_DATA_ENGINEER","Connect Data › Tasks Resume","P0","MISSING","mutation (not probed)"
"Connect Data","connect","POST","/connect/tasks/{task_name}/suspend","yes","","task_name*","","object","Suspend a running task","RETAIL_DATA_ENGINEER","Connect Data › Tasks Suspend","P0","MISSING","mutation (not probed)"
"Data Products","data-products","POST","/data-products","yes","","","DataProductCreate","object","Register a data product","RETAIL_DATA_ENGINEER","Data Products","P1","MISSING","mutation (not probed)"
"Data Products","data-products","GET","/data-products","","","status, owner, limit","","object","List all data products","BI_ANALYST","Data Products","P2","MISSING","served (gated)"
"Data Products","data-products","GET","/data-products/{product_id}","","","product_id*","","object","Get data product detail","BI_ANALYST","Data Products","P2","MISSING","served (gated)"
"Data Products","data-products","GET","/data-products/{product_id}/consumers","","","product_id*","","object","Data product consumers (subscriber accounts + recent readers)","BI_ANALYST","Data Products › Consumers","P2","MISSING","served (gated)"
"Data Products","data-products","GET","/data-products/{product_id}/lineage","","","product_id*","","object","Data product lineage (OBJECT_DEPENDENCIES around TABLE_FQN)","BI_ANALYST","Data Products › Lineage","P2","MISSING","served (gated)"
"Data Products","data-products","POST","/data-products/{product_id}/publish","yes","","product_id*","","object","Publish a data product as a Snowflake SHARE (CREATE SHARE + GRANT … TO SHARE)","RETAIL_DATA_ENGINEER","Data Products › Publish","P1","MISSING","mutation (not probed)"
"Data Products","data-products","POST","/data-products/{product_id}/refresh","yes","","product_id*","","object","Refresh a stale data product's backing object (ALTER DYNAMIC TABLE … REFRESH)","RETAIL_DATA_ENGINEER","Data Products › Refresh","P1","MISSING","mutation (not probed)"
"Data Products","data-products","POST","/data-products/{product_id}/subscribe","yes","","product_id*","","object","Subscribe to a data product (real ALTER SHARE … ADD ACCOUNTS grant)","RETAIL_DATA_ENGINEER","Data Products › Subscribe","P1","MISSING","mutation (not probed)"
"Data Quality","data-quality","GET","/data-quality/anomalies","","","","","object","Snowflake ML anomaly-detector results (if any)","RETAIL_DATA_ENGINEER","Data Quality › Anomalies","P2","MISSING","served (gated)"
"Data Quality","data-quality","POST","/data-quality/anomaly-detection","yes","","","AnomalyDetectionRequest","object","Create/run a Snowflake ML anomaly detector","RETAIL_AI_ENGINEER","Data Quality › Anomaly Detection","P1","MISSING","mutation (not probed)"
"Data Quality","data-quality","POST","/data-quality/auto-profile","yes","","","AutoProfileRequest","object","Auto-profile a table (refresh column stats)","RETAIL_DATA_ENGINEER","Data Quality › Auto-Profile","P1","MISSING","mutation (not probed)"
"Data Quality","data-quality","GET","/data-quality/classification-coverage","","","limit","","object","Tag classification coverage","RETAIL_DATA_ENGINEER","Data Quality › Classification Coverage","P2","MISSING","served (gated)"
"Data Quality","data-quality","GET","/data-quality/completeness-metrics","","","database, offset, limit","","object","Column completeness from DMF NULL_COUNT","RETAIL_DATA_ENGINEER","Data Quality › Completeness Metrics","P2","MISSING","served (gated)"
"Data Quality","data-quality","GET","/data-quality/cost-metrics","","","database, offset, limit","","object","Storage and cost per table","RETAIL_DATA_ENGINEER","Data Quality › Cost Metrics","P2","MISSING","served (gated)"
"Data Quality","data-quality","GET","/data-quality/dmf-results","","","limit, days","","object","DMF execution results dashboard","RETAIL_DATA_ENGINEER","Data Quality › Dmf Results","P2","MISSING","served (gated)"
"Data Quality","data-quality","POST","/data-quality/dmf/associate","yes","","","AssociateDmfRequest","object","Associate a DMF with table column(s)","RETAIL_DATA_ENGINEER","Data Quality › DMF Associate","P1","MISSING","mutation (not probed)"
"Data Quality","data-quality","GET","/data-quality/dmf/breaches","","","table_name, project_id, limit","","object","DMF measurements vs thresholds -> breaches","RETAIL_DATA_ENGINEER","Data Quality › DMF Breaches","P2","MISSING","served (gated)"
"Data Quality","data-quality","GET","/data-quality/dmf/catalog","","","project_id","","object","Per-account DMF inventory (tables × metrics × breaches)","RETAIL_DATA_ENGINEER","Data Quality › DMF Catalog","P2","MISSING","served (gated)"
"Data Quality","data-quality","POST","/data-quality/dmf/custom","yes","","","CreateCustomDmfRequest","object","Create a custom Data Metric Function","RETAIL_DATA_ENGINEER","Data Quality › DMF Custom","P1","MISSING","mutation (not probed)"
"Data Quality","data-quality","POST","/data-quality/dmf/schedule","yes","","","SetScheduleRequest","object","Set the DMF evaluation schedule on a table","RETAIL_DATA_ENGINEER","Data Quality › DMF Schedule","P1","MISSING","mutation (not probed)"
"Data Quality","data-quality","POST","/data-quality/dmf/suggest","yes","","","_DmfSuggestBody","object","Suggest DMFs for a table (POST)","RETAIL_DATA_ENGINEER","Data Quality › DMF Suggest","P1","MISSING","mutation (not probed)"
"Data Quality","data-quality","POST","/data-quality/dmf/thresholds","yes","","","ThresholdRequest","object","Persist a per-(table  metric) threshold","RETAIL_DATA_ENGINEER","Data Quality › DMF Thresholds","P1","MISSING","mutation (not probed)"
"Data Quality","data-quality","GET","/data-quality/dmf/thresholds","","","table_name, project_id","","object","Read back active thresholds","RETAIL_DATA_ENGINEER","Data Quality › DMF Thresholds","P2","MISSING","served (gated)"
"Data Quality","data-quality","GET","/data-quality/freshness-metrics","","","database, offset, limit, max_age_hours","","object","Table freshness / staleness","RETAIL_DATA_ENGINEER","Data Quality › Freshness Metrics","P2","MISSING","served (gated)"
"Data Quality","data-quality","GET","/data-quality/ingestion-metrics","","","limit, days","","object","COPY_HISTORY ingestion tracking","RETAIL_DATA_ENGINEER","Data Quality › Ingestion Metrics","P2","MISSING","served (gated)"
"Data Quality","data-quality","POST","/data-quality/projects/{project_id}/dmf-check","yes","","project_id*, table*, columns*, dmf_name","","object","Run built-in DMF check","RETAIL_DATA_ENGINEER","Data Quality › Projects DMF Check","P1","MISSING","mutation (not probed)"
"Data Quality","data-quality","GET","/data-quality/projects/{project_id}/dmf-results","","","project_id*, table_name*","","object","Get DMF results for table","RETAIL_DATA_ENGINEER","Data Quality › Projects Dmf Results","P2","MISSING","served (gated)"
"Data Quality","data-quality","GET","/data-quality/projects/{project_id}/dmf-suggest","","","project_id*, table_name*","","object","Suggest DMFs for table","RETAIL_DATA_ENGINEER","Data Quality › Projects Dmf Suggest","P2","MISSING","served (gated)"
"Data Quality","data-quality","GET","/data-quality/quality-summary","","","database, page, page_size, sort_by, sort_dir, search","","object","Aggregated quality KPI summary","RETAIL_DATA_ENGINEER","Data Quality › Quality Summary","P2","MISSING","served (gated)"
"Data Quality","data-quality","POST","/data-quality/run-check","yes","","","QualityCheckConfig","StandardResponse","Run quality check","RETAIL_DATA_ENGINEER","Data Quality › Run Check","","wired","mutation (not probed)"
"Data Quality","data-quality","GET","/data-quality/run-history","","","table, project_id, limit","","StandardResponse","Past quality-check runs","RETAIL_DATA_ENGINEER","Data Quality › Run History","P2","MISSING","served (gated)"
"Data Quality","data-quality","GET","/data-quality/schema-quality","","","database, offset, limit","","object","Schema quality gaps","RETAIL_DATA_ENGINEER","Data Quality › Schema Quality","P2","MISSING","served (gated)"
"Data Quality","data-quality","GET","/data-quality/security-posture","","","database, offset, limit","","object","Security and compliance posture","RETAIL_DATA_ENGINEER","Data Quality › Security Posture","P2","MISSING","served (gated)"
"Data Quality","data-quality","GET","/data-quality/snapshot","","","database","","object","One-shot fan-out of all quality dimensions","RETAIL_DATA_ENGINEER","Data Quality › Snapshot","P2","MISSING","served (gated)"
"Data Quality","data-quality","POST","/data-quality/tables/{database}/{schema}/{table}/optimize","yes","","database*, schema*, table*","","object","Optimize a table (RECLUSTER if clustered  else no-op + suggestion)","RETAIL_DATA_ENGINEER","Data Quality › Tables Optimize","P1","MISSING","mutation (not probed)"
"Data Quality","data-quality","GET","/data-quality/trend-analysis","","","database, days","","object","Quality metric trends over time","RETAIL_DATA_ENGINEER","Data Quality › Trend Analysis","P2","MISSING","served (gated)"
"Data Quality","data-quality","POST","/data-quality/trust-center/enable","yes","","","TrustCenterEnableRequest","object","Opt a table into Trust-Center DQ tracking","RETAIL_GOVERNOR","Data Quality › Trust Center","P1","MISSING","mutation (not probed)"
"Data Quality","data-quality","GET","/data-quality/trust-center/recommendations","","","","","object","DQ-relevant Trust Center recommendations","RETAIL_DATA_ENGINEER","Data Quality › Trust Center Recommendations","P2","MISSING","served (gated)"
"Data Quality","data-quality","GET","/data-quality/trust-center/report","","","","","object","Trust-Center findings for opted-in tables","RETAIL_DATA_ENGINEER","Data Quality › Trust Center Report","P2","MISSING","served (gated)"
"Data Quality","data-quality","GET","/data-quality/uniqueness-metrics","","","database, offset, limit","","object","Column uniqueness / duplicate detection","RETAIL_DATA_ENGINEER","Data Quality › Uniqueness Metrics","P2","MISSING","served (gated)"
"Explore & Design","deployments","POST","/deployments/track","yes","","","StartDeploymentRequest","object","Starts a deployment-lifecycle record in the tracking spine  capturing project  kind  and initial step.","RETAIL_DATA_ENGINEER","Deployments › Deployment tracker (command center)","P0","MISSING","mutation (not probed)"
"Explore & Design","deployments","GET","/deployments/track","","","include_approvals_for_me, project_id, deployment_id, include_metrics, include_history, window_days, history_limit","","object","Active = PENDING / RUNNING / PENDING_APPROVAL (owner-or-approver scoped).","RETAIL_DATA_ENGINEER","Deployments › Deployment tracker (command center)","P1","MISSING","served (gated)"
"Explore & Design","deployments","GET","/deployments/track/{deployment_id}","","","deployment_id*","","object","Get current state of a deployment.","RETAIL_DATA_ENGINEER","Deployments › Deployment tracker (command center)","P1","MISSING","served (gated)"
"Explore & Design","deployments","POST","/deployments/track/{deployment_id}/approve","yes","","deployment_id*","ApproveRequest","object","Approves a pending tracked deployment  unblocking execution.","RETAIL_GOVERNOR","Deployments › Deployment tracker (command center)","P0","MISSING","mutation (not probed)"
"Explore & Design","deployments","POST","/deployments/track/{deployment_id}/complete","yes","","deployment_id*","CompleteRequest","object","Finalizes a tracked deployment with a terminal status (SUCCEEDED  FAILED  or CANCELLED).","RETAIL_DATA_ENGINEER","Deployments › Deployment tracker (command center)","P0","MISSING","mutation (not probed)"
"Explore & Design","deployments","POST","/deployments/track/{deployment_id}/execute","yes","","deployment_id*","app__modules__deployment_tracking__models__ExecuteRequest","object","Executes an approved tracked deployment (runs its steps).","RETAIL_DATA_ENGINEER","Deployments › Deployment tracker (command center)","P0","MISSING","mutation (not probed)"
"Explore & Design","deployments","POST","/deployments/track/{deployment_id}/reject","yes","","deployment_id*","RejectRequest","object","Rejects a pending tracked deployment.","RETAIL_GOVERNOR","Deployments › Deployment tracker (command center)","P0","MISSING","mutation (not probed)"
"Explore & Design","deployments","POST","/deployments/track/{deployment_id}/rollback","yes","","deployment_id*","app__modules__deployment_tracking__models__RollbackRequest","object","Rolls a tracked deployment's project back to a prior version.","RETAIL_DATA_ENGINEER","Deployments › Deployment tracker (command center)","P0","MISSING","mutation (not probed)"
"Explore & Design","deployments","PATCH","/deployments/track/{deployment_id}/step","yes","","deployment_id*","StepRequest","object","Advances a tracked deployment to its next step or records a per-step error.","RETAIL_DATA_ENGINEER","Deployments › Deployment tracker (command center)","P0","MISSING","mutation (not probed)"
"Explore & Design","explore-design","POST","/explore-design","yes","","","app__modules__projects__explore_design__models__ProjectCreate","object","Creates a new Explore & Design modeling project (a schema-design workspace over a chosen source database).","RETAIL_DATA_ENGINEER","Explore & Design › Modeling canvas","","wired","mutation (not probed)"
"Explore & Design","explore-design","GET","/explore-design/{project_id}","","","project_id*","","object","Get project detail.","RETAIL_DATA_ENGINEER","Explore & Design › Modeling canvas","","wired","served (gated)"
"Explore & Design","explore-design","POST","/explore-design/{project_id}/ai/check-naming","yes","","project_id*","AINamingCheckRequest","object","Check naming conventions using pure Python rules (zero Cortex cost).","RETAIL_AI_ENGINEER","Explore & Design › AI right-bar (7-axis signals)","P0","MISSING","mutation (not probed)"
"Explore & Design","explore-design","POST","/explore-design/{project_id}/ai/classify-columns","yes","","project_id*","AIColumnClassifyRequest","object","Classify columns using Cortex AI into semantic categories (PII  metric  dimension  etc.).","RETAIL_AI_ENGINEER","Explore & Design › AI right-bar (7-axis signals)","P0","MISSING","mutation (not probed)"
"Explore & Design","explore-design","POST","/explore-design/{project_id}/ai/clustering-keys","yes","","project_id*","AIClusteringKeyRequest","object","Suggest optimal clustering keys based on query patterns and data distribution.","RETAIL_AI_ENGINEER","Explore & Design › AI right-bar (7-axis signals)","P0","MISSING","mutation (not probed)"
"Explore & Design","explore-design","POST","/explore-design/{project_id}/ai/deploy-schedule","yes","","project_id*","AIDeployScheduleRequest","object","Find optimal deployment window based on warehouse usage patterns.","RETAIL_AI_ENGINEER","Explore & Design › AI right-bar (7-axis signals)","P0","MISSING","mutation (not probed)"
"Explore & Design","explore-design","POST","/explore-design/{project_id}/ai/deployment-risk","yes","","project_id*","","object","Score deployment risk based on pending DDL actions for the project.","RETAIL_AI_ENGINEER","Explore & Design › AI right-bar (7-axis signals)","P0","MISSING","mutation (not probed)"
"Explore & Design","explore-design","POST","/explore-design/{project_id}/ai/discover-relationships","yes","","project_id*","AIRelationshipDiscoverRequest","object","Discover potential FK relationships using column name similarity and Cortex embeddings.","RETAIL_AI_ENGINEER","Explore & Design › AI right-bar (7-axis signals)","P0","MISSING","mutation (not probed)"
"Explore & Design","explore-design","POST","/explore-design/{project_id}/ai/feedback","yes","","project_id*","AIFeedbackRequest","object","Record user feedback on AI suggestions for continuous learning.","RETAIL_AI_ENGINEER","Explore & Design › AI right-bar (7-axis signals)","P0","MISSING","mutation (not probed)"
"Explore & Design","explore-design","GET","/explore-design/{project_id}/ai/feedback/stats","","","project_id*, feature","","object","Get acceptance/rejection statistics for AI suggestions.","RETAIL_AI_ENGINEER","Explore & Design › AI right-bar (7-axis signals)","P1","MISSING","served (gated)"
"Explore & Design","explore-design","POST","/explore-design/{project_id}/ai/history","yes","","project_id*","AIHistoryCreate","object","Append an AI Change Analyst event (detection/suggestion/interview/outcome).","RETAIL_AI_ENGINEER","Explore & Design › Release panel (Deploy button / AI Change Analyst)","P0","MISSING","mutation (not probed)"
"Explore & Design","explore-design","GET","/explore-design/{project_id}/ai/history","","","project_id*, limit, kind, axis","","object","AI Change Analyst event feed (reverse-chronological).","RETAIL_AI_ENGINEER","Explore & Design › Release panel (Deploy button / AI Change Analyst)","P1","MISSING","served (gated)"
"Explore & Design","explore-design","POST","/explore-design/{project_id}/ai/ingestion-mode","yes","","project_id*","AIIngestionModeRequest","object","Recommend optimal ingestion mode based on table characteristics.","RETAIL_AI_ENGINEER","Explore & Design › AI right-bar (7-axis signals)","P0","MISSING","mutation (not probed)"
"Explore & Design","explore-design","POST","/explore-design/{project_id}/ai/materialization","yes","","project_id*","AIMaterializationRequest","object","Recommend whether to use table  view  materialized view  or dynamic table.","RETAIL_AI_ENGINEER","Explore & Design › AI right-bar (7-axis signals)","P0","MISSING","mutation (not probed)"
"Explore & Design","explore-design","POST","/explore-design/{project_id}/ai/optimize-types","yes","","project_id*","AITypeOptimizeRequest","object","Suggest optimized data types based on actual data patterns (zero Cortex cost).","RETAIL_AI_ENGINEER","Explore & Design › AI right-bar (7-axis signals)","P0","MISSING","mutation (not probed)"
"Explore & Design","explore-design","POST","/explore-design/{project_id}/ai/recommend-scd","yes","","project_id*","AISCDRecommendRequest","object","Recommend SCD type (1  2  or 3) based on table structure and business context.","RETAIL_AI_ENGINEER","Explore & Design › AI right-bar (7-axis signals)","P0","MISSING","mutation (not probed)"
"Explore & Design","explore-design","GET","/explore-design/{project_id}/ai/savings","","","project_id*, days","","object","Get AI-driven cost savings dashboard.","RETAIL_AI_ENGINEER","Explore & Design › AI right-bar (7-axis signals)","P1","MISSING","served (gated)"
"Explore & Design","explore-design","POST","/explore-design/{project_id}/ai/schema-health","yes","","project_id*","AISchemaHealthRequest","object","Calculate a schema health score based on completeness  naming  and type efficiency.","RETAIL_AI_ENGINEER","Explore & Design › AI right-bar (7-axis signals)","P0","MISSING","mutation (not probed)"
"Explore & Design","explore-design","POST","/explore-design/{project_id}/ai/suggest-columns","yes","","project_id*","AITableSuggestRequest","object","Suggest columns for a new table based on its purpose using Cortex AI.","RETAIL_AI_ENGINEER","Explore & Design › AI right-bar (7-axis signals)","P0","MISSING","mutation (not probed)"
"Explore & Design","explore-design","POST","/explore-design/{project_id}/ai/warehouse-sizing","yes","","project_id*","AIWarehouseSizingRequest","object","Analyze warehouse query history and recommend optimal sizing.","RETAIL_AI_ENGINEER","Explore & Design › AI right-bar (7-axis signals)","P0","MISSING","mutation (not probed)"
"Explore & Design","explore-design","POST","/explore-design/{project_id}/cascade/drop","yes","","project_id*, table_name*","","object","Invalidate all pending DDL events that depend on the dropped table.","RETAIL_DATA_ENGINEER","Explore & Design › Pre-deploy checks","P0","MISSING","mutation (not probed)"
"Explore & Design","explore-design","POST","/explore-design/{project_id}/cascade/rename","yes","","project_id*, old_name*, new_name*","","object","Auto-update all pending DDL events that reference the old table name.","RETAIL_DATA_ENGINEER","Explore & Design › Pre-deploy checks","P0","MISSING","mutation (not probed)"
"Explore & Design","explore-design","POST","/explore-design/{project_id}/conflict-check","yes","","project_id*","ConflictCheckRequest","object","Check for duplicate events  circular dependencies  and contradictory DDL operations.","RETAIL_DATA_ENGINEER","Explore & Design › Pre-deploy checks","P0","MISSING","mutation (not probed)"
"Explore & Design","explore-design","POST","/explore-design/{project_id}/ddl-actions","yes","","project_id*","DDLActionRequest","object","Stages one or more DDL change actions (create/alter/drop table or column) as pending edits on the project canvas.","RETAIL_DATA_ENGINEER","Explore & Design › DDL actions / canvas","","wired","mutation (not probed)"
"Explore & Design","explore-design","GET","/explore-design/{project_id}/ddl-actions","","","project_id*, status","","object","Get DDL actions.","RETAIL_DATA_ENGINEER","Explore & Design › DDL actions / canvas","","wired","served (gated)"
"Explore & Design","explore-design","DELETE","/explore-design/{project_id}/ddl-actions/{event_id}","yes","","project_id*, event_id*","","object","Removes a single staged (not-yet-deployed) DDL action from the project.","RETAIL_DATA_ENGINEER","Explore & Design › DDL actions / canvas","P0","MISSING","mutation (not probed)"
"Explore & Design","explore-design","POST","/explore-design/{project_id}/ddl-actions/dry-run","yes","","project_id*","DryRunDDLActionsRequest","object","Runs the staged DDL actions on a zero-copy clone to preview results without touching production.","RETAIL_DATA_ENGINEER","Explore & Design › Release panel","P0","MISSING","mutation (not probed)"
"Explore & Design","explore-design","POST","/explore-design/{project_id}/ddl-actions/execute","yes","","project_id*","","object","Applies the project's staged DDL actions to the target schema  committing the modeled changes.","RETAIL_DATA_ENGINEER","Explore & Design › Release panel","","wired","mutation (not probed)"
"Explore & Design","explore-design","POST","/explore-design/{project_id}/ddl-actions/pre-check","yes","","project_id*","DeploymentPreCheckRequest","object","Runs pre-deployment validations (permissions  dependencies  drift) over the staged DDL actions.","RETAIL_DATA_ENGINEER","Explore & Design › Release panel","P0","MISSING","mutation (not probed)"
"Explore & Design","explore-design","POST","/explore-design/{project_id}/deploy","yes","","project_id*, version_id","","object","Request + execute an IMMEDIATE deployment of a version.","RETAIL_DATA_ENGINEER","Explore & Design › Modeling canvas","","wired","mutation (not probed)"
"Explore & Design","explore-design","GET","/explore-design/{project_id}/deployment-readiness","","","project_id*","","object","Consolidated pre-approval view composed from existing services:.","RETAIL_DATA_ENGINEER","Explore & Design › Release panel","P1","MISSING","served (gated)"
"Explore & Design","explore-design","POST","/explore-design/{project_id}/deployments","yes","yes","project_id*","app__modules__projects__explore_design__models__DeploymentRequest","object","Requests a deployment of the project's current version  opening it for approval.","RETAIL_DATA_ENGINEER","Explore & Design › Release panel","","wired","mutation (not probed)"
"Explore & Design","explore-design","GET","/explore-design/{project_id}/deployments","","yes","project_id*, status, limit","","object","List deployment history for an explore-design project.","RETAIL_DATA_ENGINEER","Explore & Design › Release panel","","wired","served (gated)"
"Explore & Design","explore-design","POST","/explore-design/{project_id}/deployments/{deployment_id}/approve","yes","yes","project_id*, deployment_id*, auto_execute","","object","DEPRECATED - approve via POST /projects/{id}/deployments/{deployment_id}/approve instead.","RETAIL_GOVERNOR","Explore & Design › Release panel","","wired","mutation (not probed)"
"Explore & Design","explore-design","GET","/explore-design/{project_id}/deployments/{deployment_id}/approvers","","","project_id*, deployment_id*","","object","List named approvers for a deployment + approval-policy summary.","RETAIL_GOVERNOR","Explore & Design › Release panel (Deploy button / AI Change Analyst)","P1","MISSING","served (gated)"
"Explore & Design","explore-design","POST","/explore-design/{project_id}/deployments/{deployment_id}/approvers","yes","","project_id*, deployment_id*","ApproverAdd","object","Add a named reviewer/approver to a deployment.","RETAIL_GOVERNOR","Explore & Design › Release panel (Deploy button / AI Change Analyst)","P0","MISSING","mutation (not probed)"
"Explore & Design","explore-design","POST","/explore-design/{project_id}/deployments/{deployment_id}/approvers/{username}/decision","yes","","project_id*, deployment_id*, username*","ApproverDecision","object","Record an approver's decision (approve / reject / request-changes).","RETAIL_GOVERNOR","Explore & Design › Release panel (Deploy button / AI Change Analyst)","P0","MISSING","mutation (not probed)"
"Explore & Design","explore-design","POST","/explore-design/{project_id}/deployments/{deployment_id}/cancel","yes","yes","project_id*, deployment_id*","","object","Cancel a pending or scheduled explore-design deployment.","RETAIL_DATA_ENGINEER","Explore & Design › Release panel","","wired","mutation (not probed)"
"Explore & Design","explore-design","POST","/explore-design/{project_id}/deployments/{deployment_id}/execute","yes","yes","project_id*, deployment_id*","","object","Execute an approved explore-design deployment (runs DDL actions).","RETAIL_DATA_ENGINEER","Explore & Design › Release panel","","wired","mutation (not probed)"
"Explore & Design","explore-design","POST","/explore-design/{project_id}/deployments/{deployment_id}/reject","yes","yes","project_id*, deployment_id*","","object","Reject a pending explore-design deployment with optional reason.","RETAIL_GOVERNOR","Explore & Design › Release panel","","wired","mutation (not probed)"
"Explore & Design","explore-design","POST","/explore-design/{project_id}/deployments/{deployment_id}/verify","yes","yes","project_id*, deployment_id*","DeploymentVerifyRequest","object","Re-runs post-deploy verification (tables  columns  row counts) for an Explore & Design deployment.","RETAIL_DATA_ENGINEER","Explore & Design › Release panel","P0","MISSING","mutation (not probed)"
"Explore & Design","explore-design","POST","/explore-design/{project_id}/dry-run","yes","","project_id*","app__modules__projects__explore_design__models__DryRunRequest","object","Execute all pending DDL on a zero-copy cloned schema  return results + sample rows  then drop clone.","RETAIL_DATA_ENGINEER","Explore & Design › Release panel","P0","MISSING","mutation (not probed)"
"Explore & Design","explore-design","GET","/explore-design/{project_id}/events","","","project_id*, event_type, limit","","object","List project events.","RETAIL_DATA_ENGINEER","Explore & Design › Modeling canvas","","wired","served (gated)"
"Explore & Design","explore-design","GET","/explore-design/{project_id}/events/conflicts","","","project_id*","","object","Detect event conflicts.","RETAIL_DATA_ENGINEER","Explore & Design › Pre-deploy checks","P1","MISSING","served (gated)"
"Explore & Design","explore-design","POST","/explore-design/{project_id}/full-dry-run","yes","","project_id*","FullDryRunRequest","object","Combined dry-run: DDL deployment + ingestion on cloned schema.","RETAIL_DATA_ENGINEER","Explore & Design › Release panel","P0","MISSING","mutation (not probed)"
"Explore & Design","explore-design","POST","/explore-design/{project_id}/impact-analysis","yes","","project_id*","ImpactAnalysisRequest","object","Compute downstream dependencies (views  streams  tasks  dynamic tables) of a table/column.","RETAIL_DATA_ENGINEER","Explore & Design › Pre-deploy checks","P0","MISSING","mutation (not probed)"
"Explore & Design","explore-design","POST","/explore-design/{project_id}/impact-analysis/enhanced","yes","","project_id*","ImpactAnalysisRequest","object","Impact analysis with risk score  recommendations  and access pattern check.","RETAIL_DATA_ENGINEER","Explore & Design › Pre-deploy checks","P0","MISSING","mutation (not probed)"
"Explore & Design","explore-design","POST","/explore-design/{project_id}/ingestion/dry-run","yes","","project_id*","IngestionDryRunRequest","object","Preview N rows with INSERT/UPDATE/DELETE action labels before committing.","RETAIL_DATA_ENGINEER","Explore & Design › Ingestion panel","P0","MISSING","mutation (not probed)"
"Explore & Design","explore-design","POST","/explore-design/{project_id}/ingestion/execute","yes","","project_id*","IngestionExecuteRequest","object","Runs the project's data-ingestion pipeline immediately  loading source rows into the modeled target tables.","RETAIL_DATA_ENGINEER","Explore & Design › Ingestion panel","","wired","mutation (not probed)"
"Explore & Design","explore-design","POST","/explore-design/{project_id}/ingestion/operations","yes","","project_id*","IngestionExecuteRequest","object","Registers an ingestion operation that can be reviewed  approved  and executed through the deployment workflow.","RETAIL_DATA_ENGINEER","Explore & Design › Ingestion panel","P0","MISSING","mutation (not probed)"
"Explore & Design","explore-design","GET","/explore-design/{project_id}/ingestion/operations","","","project_id*, status","","object","List ingestion operations.","RETAIL_DATA_ENGINEER","Explore & Design › Ingestion panel","P1","MISSING","served (gated)"
"Explore & Design","explore-design","POST","/explore-design/{project_id}/ingestion/operations/{operation_id}/execute","yes","","project_id*, operation_id*","","object","Execute a pending/approved ingestion operation with rollback tracking.","RETAIL_DATA_ENGINEER","Explore & Design › Ingestion panel","P0","MISSING","mutation (not probed)"
"Explore & Design","explore-design","POST","/explore-design/{project_id}/ingestion/operations/{operation_id}/rollback","yes","","project_id*, operation_id*","","object","Rollback a completed ingestion using Time Travel or stored rollback SQL.","RETAIL_DATA_ENGINEER","Explore & Design › Ingestion panel","P0","MISSING","mutation (not probed)"
"Explore & Design","explore-design","POST","/explore-design/{project_id}/ingestion/preview-sql","yes","","project_id*","IngestionPreviewSQLRequest","object","Returns the generated ingestion SQL for the project without executing it (legacy preview endpoint).","RETAIL_DATA_ENGINEER","Explore & Design › Ingestion panel","P0","MISSING","mutation (not probed)"
"Explore & Design","explore-design","POST","/explore-design/{project_id}/ingestion/quality-check","yes","","project_id*","QualityCheckRequest","object","Runs configured data-quality gates against the ingestion source before loading.","RETAIL_DATA_ENGINEER","Explore & Design › Ingestion panel","P0","MISSING","mutation (not probed)"
"Explore & Design","explore-design","GET","/explore-design/{project_id}/ingestion/runs","","","project_id*, limit, offset, status","","object","List past ingestion runs with rows affected  duration  and status.","RETAIL_DATA_ENGINEER","Explore & Design › Ingestion panel","P1","MISSING","served (gated)"
"Explore & Design","explore-design","POST","/explore-design/{project_id}/ingestion/schedule","yes","","project_id*","IngestionScheduleRequest","object","Schedules recurring ingestion as a Snowflake task that invokes the project's ingestion stored procedure.","RETAIL_DATA_ENGINEER","Explore & Design › Ingestion panel","","wired","mutation (not probed)"
"Explore & Design","explore-design","POST","/explore-design/{project_id}/ingestion/sql-preview","yes","","project_id*","SQLPreviewRequest","object","Generate the full MERGE/INSERT/COPY SQL without executing it.","RETAIL_DATA_ENGINEER","Explore & Design › Ingestion panel","P0","MISSING","mutation (not probed)"
"Explore & Design","explore-design","GET","/explore-design/{project_id}/ingestion/watermark","","","project_id*, table*, column","","object","Get the ingestion watermark for a source table.","RETAIL_DATA_ENGINEER","Explore & Design › Ingestion panel","P1","MISSING","served (gated)"
"Explore & Design","explore-design","POST","/explore-design/{project_id}/ingestion/watermark/reset","yes","","project_id*","WatermarkResetRequest","object","Resets the incremental-ingestion watermark for a source table so the next run reloads from the chosen point.","RETAIL_DATA_ENGINEER","Explore & Design › Ingestion panel","P0","MISSING","mutation (not probed)"
"Explore & Design","explore-design","POST","/explore-design/{project_id}/post-verify","yes","","project_id*","app__modules__projects__explore_design__models__PostVerifyRequest","object","Compares expected vs actual schema after a deployment  checking tables  columns  and row counts.","RETAIL_DATA_ENGINEER","Explore & Design › Release panel","P0","MISSING","mutation (not probed)"
"Explore & Design","explore-design","POST","/explore-design/{project_id}/pre-deploy-checks","yes","","project_id*","PreDeploymentCheckRequest","object","Run automated checks (warehouse  FK types  cycles  naming  drift) before deployment.","RETAIL_DATA_ENGINEER","Explore & Design › Modeling canvas","P0","MISSING","mutation (not probed)"
"Explore & Design","explore-design","POST","/explore-design/{project_id}/quality-gates/run","yes","","project_id*","QualityGatesRunRequest","object","Run configurable quality checks (null rate  uniqueness  format  etc.) against source data.","RETAIL_DATA_ENGINEER","Explore & Design › Pre-deploy checks","P0","MISSING","mutation (not probed)"
"Explore & Design","explore-design","GET","/explore-design/{project_id}/release-state","","","project_id*","","object","Returns the project's release state: the Deploy-button state plus the 7-axis readiness signals in one aggregate call.","RETAIL_DATA_ENGINEER","Explore & Design › Release panel (Deploy button / AI Change Analyst)","P1","MISSING","served (gated)"
"Explore & Design","explore-design","POST","/explore-design/{project_id}/schedule","yes","","project_id*","CreateScheduleRequest","object","Register a SCHEDULED deployment and wire a Snowflake task on the supplied CRON expression.","RETAIL_DATA_ENGINEER","Explore & Design › Release panel","","wired","mutation (not probed)"
"Explore & Design","explore-design","GET","/explore-design/{project_id}/schedules","","","project_id*, status","","object","List scheduled deployments for a project.","RETAIL_DATA_ENGINEER","Explore & Design › Release panel","","wired","served (gated)"
"Explore & Design","explore-design","POST","/explore-design/{project_id}/sql-diff","yes","","project_id*","SQLDiffRequest","object","Generate before/after column diff for pending DDL events.","RETAIL_DATA_ENGINEER","Explore & Design › Modeling canvas","P0","MISSING","mutation (not probed)"
"Explore & Design","explore-design","GET","/explore-design/{project_id}/state","","","project_id*","","object","Get wizard state.","RETAIL_DATA_ENGINEER","Explore & Design › Modeling canvas","","wired","served (gated)"
"Explore & Design","explore-design","PUT","/explore-design/{project_id}/state","yes","","project_id*","","object","Saves the Explore & Design wizard's in-progress state (selected tables  columns  and mapping) for the project.","RETAIL_DATA_ENGINEER","Explore & Design › Modeling canvas","","wired","mutation (not probed)"
"Explore & Design","explore-design","GET","/explore-design/{project_id}/tables/{database}/{schema}/{table}/ai/column-classification","","","project_id*, database*, schema*, table*","","object","Returns the AI-inferred semantic classification for a table's columns (read-only GET variant of the classify-columns action).","RETAIL_AI_ENGINEER","Explore & Design › AI right-bar (7-axis signals)","P1","MISSING","served (gated)"
"Explore & Design","explore-design","GET","/explore-design/{project_id}/tables/{database}/{schema}/{table}/columns/{column}/preview","","","project_id*, database*, schema*, table*, column*, limit, distinct_only","","object","Preview column data.","RETAIL_DATA_ENGINEER","Explore & Design › Modeling canvas","","wired","served (gated)"
"Explore & Design","explore-design","GET","/explore-design/{project_id}/tables/{database}/{schema}/{table}/columns/{column}/profile","","","project_id*, database*, schema*, table*, column*, sample_size, top_n","","object","Profile column.","RETAIL_DATA_ENGINEER","Explore & Design › Modeling canvas","","wired","served (gated)"
"Explore & Design","explore-design","GET","/explore-design/{project_id}/tables/{database}/{schema}/{table}/preview","","","project_id*, database*, schema*, table*, limit","","object","Preview table data.","RETAIL_DATA_ENGINEER","Explore & Design › Modeling canvas","","wired","served (gated)"
"Explore & Design","explore-design","GET","/explore-design/{project_id}/tables/{database}/{schema}/{table}/profile","","","project_id*, database*, schema*, table*, sample_size","","object","Profile table.","RETAIL_DATA_ENGINEER","Explore & Design › Modeling canvas","","wired","served (gated)"
"Explore & Design","explore-design","POST","/explore-design/{project_id}/validate-events","yes","","project_id*","","object","Check if all event dependencies are satisfied before deployment.","RETAIL_DATA_ENGINEER","Explore & Design › Pre-deploy checks","P0","MISSING","mutation (not probed)"
"Explore & Design","explore-design","POST","/explore-design/{project_id}/validate/fk-types","yes","","project_id*","FKTypeCheckRequest","object","Checks that foreign-key columns and their referenced primary keys have compatible data types.","RETAIL_DATA_ENGINEER","Explore & Design › Pre-deploy checks","P0","MISSING","mutation (not probed)"
"Explore & Design","explore-design","POST","/explore-design/{project_id}/validate/impact-analysis","yes","","project_id*","ValidateImpactAnalysisRequest","object","Analyzes downstream objects impacted by the project's pending changes (validation-step variant).","RETAIL_DATA_ENGINEER","Explore & Design › Pre-deploy checks","P0","MISSING","mutation (not probed)"
"Explore & Design","explore-design","GET","/explore-design/{project_id}/validate/type-compatibility","","","project_id*, database*, schema*, source_table*, source_column*, target_table*, target_column*","","object","Check type compatibility.","RETAIL_DATA_ENGINEER","Explore & Design › Pre-deploy checks","P1","MISSING","served (gated)"
"Explore & Design","explore-design","GET","/explore-design/{project_id}/versions","","","project_id*, limit","","object","List project versions.","RETAIL_DATA_ENGINEER","Explore & Design › Version history","","wired","served (gated)"
"Explore & Design","explore-design","GET","/explore-design/{project_id}/watermarks","","","project_id*","","array<object>","List all ingestion watermarks (high-water marks) for a project.","RETAIL_DATA_ENGINEER","Explore & Design › Modeling canvas","P1","MISSING","served (gated)"
"Explore & Design","explore-design","GET","/explore-design/{project_id}/watermarks/{source_table}","","","project_id*, source_table*","","object","Get the current watermark for a specific source table (format: DB.SCHEMA.TABLE).","RETAIL_DATA_ENGINEER","Explore & Design › Modeling canvas","P1","MISSING","served (gated)"
"Explore & Design","explore-design","POST","/explore-design/add-event","yes","","","AddDesignEventRequest","object","Adds a design event (a modeled transformation step) to a project.","RETAIL_DATA_ENGINEER","Explore & Design › Modeling canvas","","wired","mutation (not probed)"
"Explore & Design","explore-design","POST","/explore-design/alerts","yes","","","AlertCreate","object","Creates a Snowflake alert that runs a condition query on a schedule and fires an action when it matches.","RETAIL_DATA_ENGINEER","Explore & Design › Objects (Dynamic Tables · Streams · Tasks)","P0","MISSING","mutation (not probed)"
"Explore & Design","explore-design","GET","/explore-design/alerts","","","database, schema","","object","List alerts.","RETAIL_DATA_ENGINEER","Explore & Design › Objects (Dynamic Tables · Streams · Tasks)","P1","MISSING","served (gated)"
"Explore & Design","explore-design","PATCH","/explore-design/alerts/{name}","yes","","name*, database, schema","AlertAlter","object","Alters a Snowflake alert's schedule  condition  or action.","RETAIL_DATA_ENGINEER","Explore & Design › Objects (Dynamic Tables · Streams · Tasks)","P0","MISSING","mutation (not probed)"
"Explore & Design","explore-design","GET","/explore-design/alerts/{name}","","","name*, database, schema","","object","Describe alert.","RETAIL_DATA_ENGINEER","Explore & Design › Objects (Dynamic Tables · Streams · Tasks)","P1","MISSING","served (gated)"
"Explore & Design","explore-design","DELETE","/explore-design/alerts/{name}","yes","","name*, database, schema","","object","Drops a Snowflake alert.","RETAIL_DATA_ENGINEER","Explore & Design › Objects (Dynamic Tables · Streams · Tasks)","P0","MISSING","mutation (not probed)"
"Explore & Design","explore-design","POST","/explore-design/column/exclude","yes","","","ColumnExcludeRequest","object","Includes or excludes a column from the modeled output.","RETAIL_DATA_ENGINEER","Explore & Design › Modeling canvas","","wired","mutation (not probed)"
"Explore & Design","explore-design","POST","/explore-design/column/mark-sensitive","yes","","","MarkSensitiveRequest","object","Flags a column as sensitive so downstream masking/governance can act on it.","RETAIL_DATA_ENGINEER","Explore & Design › Modeling canvas","","wired","mutation (not probed)"
"Explore & Design","explore-design","POST","/explore-design/column/preview","yes","","","ColumnRefRequest","object","Returns sample values from a referenced column.","RETAIL_DATA_ENGINEER","Explore & Design › Modeling canvas","","wired","mutation (not probed)"
"Explore & Design","explore-design","POST","/explore-design/column/profile","yes","","","ColumnRefRequest","object","Computes a data profile (nulls  distinct count  min/max  histogram) for a referenced column.","RETAIL_DATA_ENGINEER","Explore & Design › Modeling canvas","","wired","mutation (not probed)"
"Explore & Design","explore-design","POST","/explore-design/compliance/validate","yes","","","ComplianceValidateRequest","object","Validates a project's schema against configured compliance rules (naming  PII tagging  required fields).","RETAIL_DATA_ENGINEER","Explore & Design › Pre-deploy checks","","wired","mutation (not probed)"
"Explore & Design","explore-design","POST","/explore-design/dynamic-tables","yes","","","DynamicTableCreateAdvanced","object","Creates a Snowflake dynamic table (declarative auto-refreshing materialized query) from the supplied definition.","RETAIL_DATA_ENGINEER","Explore & Design › Objects (Dynamic Tables · Streams · Tasks)","P0","MISSING","mutation (not probed)"
"Explore & Design","explore-design","GET","/explore-design/dynamic-tables","","","database, schema","","object","List dynamic tables.","RETAIL_DATA_ENGINEER","Explore & Design › Objects (Dynamic Tables · Streams · Tasks)","P1","MISSING","served (gated)"
"Explore & Design","explore-design","PATCH","/explore-design/dynamic-tables/{name}","yes","","name*, database, schema","DynamicTableAlter","object","Alters a dynamic table's settings (target lag  warehouse  or query).","RETAIL_DATA_ENGINEER","Explore & Design › Objects (Dynamic Tables · Streams · Tasks)","P0","MISSING","mutation (not probed)"
"Explore & Design","explore-design","GET","/explore-design/dynamic-tables/{name}","","","name*, database, schema","","object","Describe dynamic table.","RETAIL_DATA_ENGINEER","Explore & Design › Objects (Dynamic Tables · Streams · Tasks)","P1","MISSING","served (gated)"
"Explore & Design","explore-design","DELETE","/explore-design/dynamic-tables/{name}","yes","","name*, database, schema","","object","Drops a Snowflake dynamic table.","RETAIL_DATA_ENGINEER","Explore & Design › Objects (Dynamic Tables · Streams · Tasks)","P0","MISSING","mutation (not probed)"
"Explore & Design","explore-design","POST","/explore-design/dynamic-tables/{name}/refresh","yes","","name*, database, schema","","object","Triggers an immediate manual refresh of a dynamic table.","RETAIL_DATA_ENGINEER","Explore & Design › Objects (Dynamic Tables · Streams · Tasks)","P0","MISSING","mutation (not probed)"
"Explore & Design","explore-design","POST","/explore-design/dynamic-tables/{name}/resume","yes","","name*, database, schema","","object","Resumes a suspended dynamic table's automatic refresh.","RETAIL_DATA_ENGINEER","Explore & Design › Objects (Dynamic Tables · Streams · Tasks)","P0","MISSING","mutation (not probed)"
"Explore & Design","explore-design","POST","/explore-design/dynamic-tables/{name}/suspend","yes","","name*, database, schema","","object","Suspends a dynamic table's automatic refresh.","RETAIL_DATA_ENGINEER","Explore & Design › Objects (Dynamic Tables · Streams · Tasks)","P0","MISSING","mutation (not probed)"
"Explore & Design","explore-design","POST","/explore-design/event-tables","yes","","","EventTableCreate","object","Creates a Snowflake event table for capturing logs  traces  and telemetry.","RETAIL_DATA_ENGINEER","Explore & Design › Objects (Dynamic Tables · Streams · Tasks)","P0","MISSING","mutation (not probed)"
"Explore & Design","explore-design","GET","/explore-design/event-tables","","","database, schema","","object","List event tables.","RETAIL_DATA_ENGINEER","Explore & Design › Objects (Dynamic Tables · Streams · Tasks)","P1","MISSING","served (gated)"
"Explore & Design","explore-design","DELETE","/explore-design/event-tables/{name}","yes","","name*, database, schema","","object","Drops a Snowflake event table.","RETAIL_DATA_ENGINEER","Explore & Design › Objects (Dynamic Tables · Streams · Tasks)","P0","MISSING","mutation (not probed)"
"Explore & Design","explore-design","POST","/explore-design/events/{event_id}/conditions","yes","","event_id*","AddEventConditionsRequest","object","Attaches filter/branch conditions to a design event.","RETAIL_DATA_ENGINEER","Explore & Design › Modeling canvas","","wired","mutation (not probed)"
"Explore & Design","explore-design","POST","/explore-design/events/{event_id}/conditions/evaluate","yes","","event_id*","","object","Evaluates a design event's conditions against sample data to preview which rows match.","RETAIL_DATA_ENGINEER","Explore & Design › Modeling canvas","","wired","mutation (not probed)"
"Explore & Design","explore-design","GET","/explore-design/export/{project_id}","","","project_id*","","object","Export project configuration.","RETAIL_DATA_ENGINEER","Explore & Design › Modeling canvas","","wired","not-probed"
"Explore & Design","explore-design","POST","/explore-design/fetch_relationships","yes","","","FetchRelationshipsRequest","object","Fetch foreign-key relationships for a schema.","RETAIL_DATA_ENGINEER","Explore & Design › Modeling canvas","","wired","mutation (not probed)"
"Explore & Design","explore-design","GET","/explore-design/glossary","","","search, status","","object","Return admin-curated business glossary terms (Snowflake-backed).","RETAIL_DATA_ENGINEER","Explore & Design › Business glossary","P1","MISSING","served (gated)"
"Explore & Design","explore-design","POST","/explore-design/glossary","yes","","","","object","Creates or updates a business-glossary term definition (admin-curated).","RETAIL_GOVERNOR","Explore & Design › Business glossary","P0","MISSING","mutation (not probed)"
"Explore & Design","explore-design","DELETE","/explore-design/glossary/{term}","yes","","term*","","object","Deletes a business-glossary term.","RETAIL_GOVERNOR","Explore & Design › Business glossary","P0","MISSING","mutation (not probed)"
"Explore & Design","explore-design","POST","/explore-design/glossary/ai-draft","yes","","","","object","AI-draft a definition for admin review (admin).","RETAIL_GOVERNOR","Explore & Design › Business glossary","P0","MISSING","mutation (not probed)"
"Explore & Design","explore-design","GET","/explore-design/glossary/lookup","","","term*","","object","Looks up a business-glossary term so the AI advisor can reuse an approved definition instead of re-asking the LLM.","BUSINESS_USER","Explore & Design › Business glossary","P1","MISSING","served (gated)"
"Explore & Design","explore-design","POST","/explore-design/guided/add-columns","yes","","","AddColumnsRequest","object","Adds one or more columns to the wizard's target-table draft.","RETAIL_DATA_ENGINEER","Explore & Design › Guided wizard","","wired","mutation (not probed)"
"Explore & Design","explore-design","POST","/explore-design/guided/add-event","yes","","","AddEventRequest","object","Adds an event (mapping group / step) to the guided wizard flow.","RETAIL_DATA_ENGINEER","Explore & Design › Guided wizard","","wired","mutation (not probed)"
"Explore & Design","explore-design","POST","/explore-design/guided/create_project","yes","","","CreateProjectRequest","object","Creates and initializes a new guided-wizard Explore & Design project.","RETAIL_DATA_ENGINEER","Explore & Design › Guided wizard","","wired","mutation (not probed)"
"Explore & Design","explore-design","GET","/explore-design/guided/databases","","","","","object","Lists the databases the Snowflake user can access  for the wizard's database-selection step.","RETAIL_DATA_ENGINEER","Explore & Design › Guided wizard","","wired","served (gated)"
"Explore & Design","explore-design","POST","/explore-design/guided/get-steps-event","yes","","project_id*","","object","Returns the wizard's steps and events for the current project (POST form with filters).","RETAIL_DATA_ENGINEER","Explore & Design › Guided wizard","","wired","mutation (not probed)"
"Explore & Design","explore-design","GET","/explore-design/guided/get-steps-event","","","project_id*","","object","Read wizard steps/events (GET form).","RETAIL_DATA_ENGINEER","Explore & Design › Guided wizard","P1","MISSING","served (gated)"
"Explore & Design","explore-design","POST","/explore-design/guided/log_wizard_event","yes","","","LogWizardEventRequest","object","Records a wizard telemetry event (step entered  action taken) for product analytics.","RETAIL_DATA_ENGINEER","Explore & Design › Guided wizard","","wired","mutation (not probed)"
"Explore & Design","explore-design","POST","/explore-design/guided/manage_table","yes","","SOURCE_TABLE*, CONSTRAINT_TYPE*, COLUMN_NAME, COLUMN_TYPE, NEW_NAME, TABLE_REF, COLUMN_REF, DEFAULT_VALUE, TARGET_TABLE, COLUMN_COMMENT","","object","Create / alter wizard target table.","RETAIL_DATA_ENGINEER","Explore & Design › Guided wizard","","wired","mutation (not probed)"
"Explore & Design","explore-design","GET","/explore-design/guided/manage_table","","","SOURCE_TABLE*, CONSTRAINT_TYPE*, COLUMN_NAME, COLUMN_TYPE, NEW_NAME, TABLE_REF, COLUMN_REF, DEFAULT_VALUE, TARGET_TABLE, COLUMN_COMMENT","","object","Create / alter wizard target table (GET form).","RETAIL_DATA_ENGINEER","Explore & Design › Guided wizard","","wired","served (gated)"
"Explore & Design","explore-design","POST","/explore-design/guided/primary-key","yes","","","PrimaryKeyRequest","object","Sets the primary-key column(s) on the wizard's target table.","RETAIL_DATA_ENGINEER","Explore & Design › Guided wizard","","wired","mutation (not probed)"
"Explore & Design","explore-design","POST","/explore-design/guided/remove-columns","yes","","","RemoveColumnsRequest","object","Drops one or more columns from the wizard's target-table draft.","RETAIL_DATA_ENGINEER","Explore & Design › Guided wizard","","wired","mutation (not probed)"
"Explore & Design","explore-design","POST","/explore-design/guided/schedule_deployment","yes","","","ScheduleDeploymentRequest","object","Records a scheduled-deployment event (status PENDING_APPROVAL) for the wizard project without executing it  queuing it for modeler approval.","RETAIL_DATA_ENGINEER","Explore & Design › Guided wizard","","wired","mutation (not probed)"
"Explore & Design","explore-design","POST","/explore-design/guided/store-selected-columns","yes","","","StoreSelectedColumnsRequest","object","Persists the source columns the user selected in the wizard step.","RETAIL_DATA_ENGINEER","Explore & Design › Guided wizard","","wired","mutation (not probed)"
"Explore & Design","explore-design","POST","/explore-design/guided/test_mapping","yes","","","BaseMappingRequest","object","Run a LIMIT preview SELECT against each mapping's source table applying the source→target column mapping.","RETAIL_DATA_ENGINEER","Explore & Design › Guided wizard","","wired","mutation (not probed)"
"Explore & Design","explore-design","POST","/explore-design/guided/update_column_length","yes","","","ColumnLengthUpdateRequest","object","Resizes a wizard target column's type length/precision (e.g. VARCHAR or NUMBER size).","RETAIL_DATA_ENGINEER","Explore & Design › Guided wizard","","wired","mutation (not probed)"
"Explore & Design","explore-design","POST","/explore-design/hybrid-tables","yes","","","HybridTableCreate","object","Creates a Snowflake hybrid table (Unistore  row-optimized for OLTP-style point access).","RETAIL_DATA_ENGINEER","Explore & Design › Objects (Dynamic Tables · Streams · Tasks)","P0","MISSING","mutation (not probed)"
"Explore & Design","explore-design","GET","/explore-design/hybrid-tables","","","database, schema","","object","List hybrid tables.","RETAIL_DATA_ENGINEER","Explore & Design › Objects (Dynamic Tables · Streams · Tasks)","P1","MISSING","served (gated)"
"Explore & Design","explore-design","DELETE","/explore-design/hybrid-tables/{name}","yes","","name*, database, schema","","object","Drops a Snowflake hybrid table.","RETAIL_DATA_ENGINEER","Explore & Design › Objects (Dynamic Tables · Streams · Tasks)","P0","MISSING","mutation (not probed)"
"Explore & Design","explore-design","POST","/explore-design/impact-analysis","yes","","","ImpactAnalysisGlobalRequest","object","Runs a global multi-change impact analysis across several pending edits at once.","RETAIL_DATA_ENGINEER","Explore & Design › Pre-deploy checks","","wired","mutation (not probed)"
"Explore & Design","explore-design","POST","/explore-design/import","yes","","","","object","Imports a previously exported project configuration (schema design) from an uploaded file.","RETAIL_DATA_ENGINEER","Explore & Design › Modeling canvas","","wired","mutation (not probed)"
"Explore & Design","explore-design","POST","/explore-design/ingestion/adapt","yes","","","IngestionAdaptRequest","object","Adapt ingestion to a new schema version.","RETAIL_DATA_ENGINEER","Explore & Design › Ingestion panel","","wired","mutation (not probed)"
"Explore & Design","explore-design","POST","/explore-design/ingestion/create-versioned","yes","","","CreateVersionedIngestionRequest","object","Creates version-pinned ingestion objects (stream/task/pipe) bound to a specific schema version.","RETAIL_DATA_ENGINEER","Explore & Design › Ingestion panel","","wired","mutation (not probed)"
"Explore & Design","explore-design","POST","/explore-design/ingestion/pause","yes","","","IngestionPauseResumeRequest","object","Pause ingestion objects for a table.","RETAIL_DATA_ENGINEER","Explore & Design › Ingestion panel","","wired","mutation (not probed)"
"Explore & Design","explore-design","POST","/explore-design/ingestion/resume","yes","","","IngestionPauseResumeRequest","object","Resume ingestion objects for a table.","RETAIL_DATA_ENGINEER","Explore & Design › Ingestion panel","","wired","mutation (not probed)"
"Explore & Design","explore-design","GET","/explore-design/lineage/column","","","database*, schema*, table*, column*, direction, depth","","object","Column-level lineage.","RETAIL_DATA_ENGINEER","Explore & Design › Column lineage","","wired","served (gated)"
"Explore & Design","explore-design","POST","/explore-design/primary-key/add","yes","","","AddPrimaryKeyRequest","object","Adds a primary-key constraint to a modeled table.","RETAIL_DATA_ENGINEER","Explore & Design › Modeling canvas","","wired","mutation (not probed)"
"Explore & Design","explore-design","GET","/explore-design/projects/{project_id}/erd","","","project_id*","","object","Get ERD layout.","RETAIL_DATA_ENGINEER","Explore & Design › ERD canvas","","wired","served (gated)"
"Explore & Design","explore-design","PUT","/explore-design/projects/{project_id}/erd","yes","","project_id*","ERDLayoutSaveRequest","object","Saves the ERD canvas layout (node positions and relationships) for a project.","RETAIL_DATA_ENGINEER","Explore & Design › ERD canvas","","wired","mutation (not probed)"
"Explore & Design","explore-design","POST","/explore-design/projects/{project_id}/erd/auto-layout","yes","","project_id*","","object","Auto-arranges the ERD canvas nodes using the layout engine.","RETAIL_DATA_ENGINEER","Explore & Design › ERD canvas","","wired","mutation (not probed)"
"Explore & Design","explore-design","POST","/explore-design/projects/{project_id}/relationships","yes","","project_id*","CreateRelationshipRequest","object","Creates a relationship (foreign-key edge) between two tables on the ERD.","RETAIL_DATA_ENGINEER","Explore & Design › ERD canvas","","wired","mutation (not probed)"
"Explore & Design","explore-design","DELETE","/explore-design/projects/{project_id}/relationships/{relationship_id}","yes","","project_id*, relationship_id*","","object","Deletes an ERD relationship edge.","RETAIL_DATA_ENGINEER","Explore & Design › ERD canvas","","wired","mutation (not probed)"
"Explore & Design","explore-design","GET","/explore-design/recent-deployment-errors","","","limit","","object","Get recent failed deployments across all explore-design projects.","RETAIL_DATA_ENGINEER","Explore & Design › Release panel","P1","MISSING","served (gated)"
"Explore & Design","explore-design","GET","/explore-design/scheduled-deployments/{schedule_id}","","","schedule_id*","","object","Scheduled deployment detail.","RETAIL_DATA_ENGINEER","Explore & Design › Release panel","","wired","served (gated)"
"Explore & Design","explore-design","POST","/explore-design/scheduled-deployments/{schedule_id}/approve","yes","","schedule_id*","","object","Approves a scheduled Explore & Design deployment so it may run at its scheduled time.","RETAIL_GOVERNOR","Explore & Design › Release panel","","wired","mutation (not probed)"
"Explore & Design","explore-design","POST","/explore-design/scheduled-deployments/{schedule_id}/cancel","yes","","schedule_id*","","object","Cancels a scheduled Explore & Design deployment.","RETAIL_DATA_ENGINEER","Explore & Design › Release panel","","wired","mutation (not probed)"
"Explore & Design","explore-design","POST","/explore-design/scheduled-deployments/{schedule_id}/execute-now","yes","","schedule_id*","","object","Runs a scheduled Explore & Design deployment immediately instead of waiting for its slot.","RETAIL_DATA_ENGINEER","Explore & Design › Release panel","","wired","mutation (not probed)"
"Explore & Design","explore-design","GET","/explore-design/scheduled-deployments/{schedule_id}/logs","","","schedule_id*","","object","Scheduled deployment logs.","RETAIL_DATA_ENGINEER","Explore & Design › Release panel","","wired","served (gated)"
"Explore & Design","explore-design","POST","/explore-design/scheduled-deployments/{schedule_id}/reject","yes","","schedule_id*","","object","Rejects a scheduled Explore & Design deployment  blocking it from running.","RETAIL_GOVERNOR","Explore & Design › Release panel","","wired","mutation (not probed)"
"Explore & Design","explore-design","POST","/explore-design/scheduled-deployments/{schedule_id}/reschedule","yes","","schedule_id*","RescheduleRequest","object","Changes the scheduled run time of a pending deployment.","RETAIL_DATA_ENGINEER","Explore & Design › Release panel","","wired","mutation (not probed)"
"Explore & Design","explore-design","POST","/explore-design/schema-clone","yes","","","SchemaCloneCreateRequest","object","Creates a schema-clone configuration (zero-copy clone of a source schema for safe testing).","RETAIL_DATA_ENGINEER","Explore & Design › Schema clone / lifecycle","","wired","mutation (not probed)"
"Explore & Design","explore-design","POST","/explore-design/schema-clone/{clone_id}/execute","yes","","clone_id*","","object","Executes a configured schema-clone job  creating the zero-copy cloned schema.","RETAIL_DATA_ENGINEER","Explore & Design › Schema clone / lifecycle","","wired","mutation (not probed)"
"Explore & Design","explore-design","POST","/explore-design/schema-clone/{clone_id}/rollback","yes","","clone_id*","","object","Rolls back a schema-clone job by dropping its cloned objects.","RETAIL_DATA_ENGINEER","Explore & Design › Schema clone / lifecycle","","wired","mutation (not probed)"
"Explore & Design","explore-design","GET","/explore-design/schema-clone/{clone_id}/status","","","clone_id*","","object","Schema-clone status.","RETAIL_DATA_ENGINEER","Explore & Design › Schema clone / lifecycle","","wired","served (gated)"
"Explore & Design","explore-design","GET","/explore-design/schema-clone/list","","","project_id, status, limit","","object","List schema-clone jobs.","RETAIL_DATA_ENGINEER","Explore & Design › Schema clone / lifecycle","","wired","served (gated)"
"Explore & Design","explore-design","POST","/explore-design/schema-clone/preview","yes","","","SchemaClonePreviewRequest","object","Previews the DDL a schema-clone job would run  without creating anything.","RETAIL_DATA_ENGINEER","Explore & Design › Schema clone / lifecycle","","wired","mutation (not probed)"
"Explore & Design","explore-design","GET","/explore-design/smart/detect-fk","","","table*","","object","Match column names across tables to infer foreign key relationships.","RETAIL_AI_ENGINEER","Explore & Design › AI right-bar (7-axis signals)","P1","MISSING","served (gated)"
"Explore & Design","explore-design","GET","/explore-design/smart/detect-pk","","","table*","","object","Analyze column statistics and naming patterns to recommend primary key columns.","RETAIL_AI_ENGINEER","Explore & Design › AI right-bar (7-axis signals)","P1","MISSING","served (gated)"
"Explore & Design","explore-design","POST","/explore-design/smart/embed","yes","","","EmbedTextRequest","object","Generate a 768-dimensional embedding vector for the given text using Cortex AI.","RETAIL_AI_ENGINEER","Explore & Design › AI right-bar (7-axis signals)","P0","MISSING","mutation (not probed)"
"Explore & Design","explore-design","POST","/explore-design/smart/semantic-search","yes","","","SemanticSearchRequest","object","Use vector similarity to search text data in a table.","RETAIL_AI_ENGINEER","Explore & Design › AI right-bar (7-axis signals)","P0","MISSING","mutation (not probed)"
"Explore & Design","explore-design","POST","/explore-design/streams","yes","","","StreamCreate","object","Creates a Snowflake stream that captures change-data-capture (CDC) offsets on a table or view.","RETAIL_DATA_ENGINEER","Explore & Design › Objects (Dynamic Tables · Streams · Tasks)","P0","MISSING","mutation (not probed)"
"Explore & Design","explore-design","GET","/explore-design/streams","","","database, schema","","object","List streams.","RETAIL_DATA_ENGINEER","Explore & Design › Objects (Dynamic Tables · Streams · Tasks)","P1","MISSING","served (gated)"
"Explore & Design","explore-design","GET","/explore-design/streams/{name}","","","name*, database, schema","","object","Describe stream.","RETAIL_DATA_ENGINEER","Explore & Design › Objects (Dynamic Tables · Streams · Tasks)","P1","MISSING","served (gated)"
"Explore & Design","explore-design","DELETE","/explore-design/streams/{name}","yes","","name*, database, schema","","object","Drops a Snowflake stream.","RETAIL_DATA_ENGINEER","Explore & Design › Objects (Dynamic Tables · Streams · Tasks)","P0","MISSING","mutation (not probed)"
"Explore & Design","explore-design","GET","/explore-design/streams/{name}/data","","","name*, limit, database, schema","","object","Consume stream data.","RETAIL_DATA_ENGINEER","Explore & Design › Objects (Dynamic Tables · Streams · Tasks)","P1","MISSING","served (gated)"
"Explore & Design","explore-design","POST","/explore-design/table/preview","yes","","","TableRefRequest","object","Returns a sample of rows from a referenced table (RLS-filtered to the caller).","RETAIL_DATA_ENGINEER","Explore & Design › Modeling canvas","","wired","mutation (not probed)"
"Explore & Design","explore-design","POST","/explore-design/table/profile","yes","","","TableRefRequest","object","Computes column statistics and a data profile for a referenced table.","RETAIL_DATA_ENGINEER","Explore & Design › Modeling canvas","","wired","mutation (not probed)"
"Explore & Design","explore-design","GET","/explore-design/tasks","","","database, schema","","object","List tasks.","RETAIL_DATA_ENGINEER","Explore & Design › Objects (Dynamic Tables · Streams · Tasks)","P1","MISSING","served (gated)"
"Explore & Design","explore-design","GET","/explore-design/tasks/{name}","","","name*, database, schema","","object","Describe task.","RETAIL_DATA_ENGINEER","Explore & Design › Objects (Dynamic Tables · Streams · Tasks)","P1","MISSING","served (gated)"
"Explore & Design","explore-design","PATCH","/explore-design/tasks/{name}","yes","","name*, database, schema","TaskAlter","object","Alters a Snowflake task  typically to resume or suspend its schedule.","RETAIL_DATA_ENGINEER","Explore & Design › Objects (Dynamic Tables · Streams · Tasks)","P0","MISSING","mutation (not probed)"
"Explore & Design","explore-design","DELETE","/explore-design/tasks/{name}","yes","","name*, database, schema","","object","Drops a Snowflake task.","RETAIL_DATA_ENGINEER","Explore & Design › Objects (Dynamic Tables · Streams · Tasks)","P0","MISSING","mutation (not probed)"
"Explore & Design","explore-design","POST","/explore-design/tasks/{name}/resume","yes","","name*, database, schema","","object","Resumes a suspended Snowflake task.","RETAIL_DATA_ENGINEER","Explore & Design › Objects (Dynamic Tables · Streams · Tasks)","P0","MISSING","mutation (not probed)"
"Explore & Design","explore-design","POST","/explore-design/tasks/{name}/suspend","yes","","name*, database, schema","","object","Suspends a Snowflake task's schedule.","RETAIL_DATA_ENGINEER","Explore & Design › Objects (Dynamic Tables · Streams · Tasks)","P0","MISSING","mutation (not probed)"
"Explore & Design","explore-design","GET","/explore-design/versions/{from_version_id}/compare/{to_version_id}","","","from_version_id*, to_version_id*","","object","Compare two versions.","RETAIL_DATA_ENGINEER","Explore & Design › Version history","","wired","served (gated)"
"Explore & Design","explore-design","GET","/explore-design/versions/{from_version_id}/migration/{to_version_id}","","","from_version_id*, to_version_id*","","object","Version migration script.","RETAIL_DATA_ENGINEER","Explore & Design › Version history","","wired","served (gated)"
"Explore & Design","explore-design","POST","/explore-design/versions/{version_id}/promote","yes","","version_id*","PromoteVersionRequest","object","Promotes a project version to a target stage/environment (e.g. draft to production).","RETAIL_DATA_ENGINEER","Explore & Design › Version history","","wired","mutation (not probed)"
"Explore & Design","projects","GET","/projects","","","project_type, status, mine_only, limit, offset","","object","Dispatch by scope so the hot (default) account-wide list is account-shared while the per-caller list stays per-user:.","RETAIL_DATA_ENGINEER","Projects › Project list","","wired","served (gated)"
"Explore & Design","projects","POST","/projects","yes","","","app__modules__projects__models__ProjectCreate","object","Creates a project of any module type via the unified create endpoint (project type is a discriminator in the body).","RETAIL_DATA_ENGINEER","Projects › Project list","","wired","mutation (not probed)"
"Explore & Design","projects","GET","/projects/{project_id}","","","project_id*","","object","Single project detail (any type).","RETAIL_DATA_ENGINEER","Projects › Project list","","wired","served (gated)"
"Explore & Design","projects","PUT","/projects/{project_id}","yes","","project_id*","ProjectUpdate","object","Updates a project's editable fields (name  description  tags  settings).","RETAIL_DATA_ENGINEER","Projects › Project list","P0","MISSING","mutation (not probed)"
"Explore & Design","projects","DELETE","/projects/{project_id}","yes","","project_id*","","object","Soft-delete a project (status -> deleted).","RETAIL_DATA_ENGINEER","Projects › Project list","","wired","mutation (not probed)"
"Explore & Design","projects","GET","/projects/{project_id}/comments","","","project_id*, limit","","object","Flat  chronologically-ordered comment list (soft-deleted excluded).","RETAIL_DATA_ENGINEER","Projects › Activity & comments","P1","MISSING","served (gated)"
"Explore & Design","projects","POST","/projects/{project_id}/comments","yes","","project_id*","CommentCreate","object","Post a comment (or a reply via parent_comment_id). @mentions are parsed from the body into the MENTIONS column.","RETAIL_DATA_ENGINEER","Projects › Activity & comments","P0","MISSING","mutation (not probed)"
"Explore & Design","projects","DELETE","/projects/{project_id}/comments/{comment_id}","yes","","project_id*, comment_id*","","object","Soft-deletes a comment from a project's discussion thread.","RETAIL_DATA_ENGINEER","Projects › Activity & comments","P0","MISSING","mutation (not probed)"
"Explore & Design","projects","POST","/projects/{project_id}/contributors","yes","","project_id*","ContributorAdd","object","Adds a contributor (owner/editor/viewer) to a project's access list.","RETAIL_DATA_ENGINEER","Projects › Contributors","","wired","mutation (not probed)"
"Explore & Design","projects","GET","/projects/{project_id}/contributors","","","project_id*","","array<object>","List contributors.","RETAIL_DATA_ENGINEER","Projects › Contributors","","wired","served (gated)"
"Explore & Design","projects","GET","/projects/{project_id}/deployments","","","project_id*, environment, status, deployment_type, limit, offset","","object","List deployment history (all project types).","RETAIL_DATA_ENGINEER","Projects › Deployment board","","wired","served (gated)"
"Explore & Design","projects","POST","/projects/{project_id}/deployments","yes","","project_id*","app__modules__projects__models__DeploymentRequest","object","Request a deployment for a project version.","RETAIL_DATA_ENGINEER","Projects › Deployment board","","wired","mutation (not probed)"
"Explore & Design","projects","GET","/projects/{project_id}/deployments/{deployment_id}","","","project_id*, deployment_id*","","object","Returns full detail for one deployment: the deployment row  its version  approver votes  runs  and per-step results for every wizard step.","RETAIL_DATA_ENGINEER","Projects › Deployment board","P1","MISSING","served (gated)"
"Explore & Design","projects","POST","/projects/{project_id}/deployments/{deployment_id}/approve","yes","","project_id*, deployment_id*","","object","Approve a pending deployment (steward/DPO action).","RETAIL_GOVERNOR","Projects › Deployment board","","wired","mutation (not probed)"
"Explore & Design","projects","POST","/projects/{project_id}/deployments/{deployment_id}/execute","yes","","project_id*, deployment_id*","","object","Execute an approved deployment (runs DDL actions  marks as deployed or failed).","RETAIL_DATA_ENGINEER","Projects › Deployment board","","wired","mutation (not probed)"
"Explore & Design","projects","POST","/projects/{project_id}/deployments/{deployment_id}/reject","yes","","project_id*, deployment_id*","","object","Reject a pending deployment with optional reason.","RETAIL_GOVERNOR","Projects › Deployment board","","wired","mutation (not probed)"
"Explore & Design","projects","PUT","/projects/{project_id}/deployments/{deployment_id}/steps/{step}","yes","","project_id*, deployment_id*, step*","","object","Persists the result of one deployment-wizard step (pre-check  dry-run  verify) so the wizard can resume where it left off.","RETAIL_DATA_ENGINEER","Projects › Deployment board","P0","MISSING","mutation (not probed)"
"Explore & Design","projects","POST","/projects/{project_id}/events","yes","","project_id*","EventCreate","object","Add an event to a project's activity log.","RETAIL_DATA_ENGINEER","Projects › Activity timeline","","wired","mutation (not probed)"
"Explore & Design","projects","GET","/projects/{project_id}/events","","","project_id*, module_name, event_type, limit","","object","Get events for a project from unified PROJECT_EVENTS table.","RETAIL_DATA_ENGINEER","Projects › Activity timeline","","wired","served (gated)"
"Explore & Design","projects","PATCH","/projects/{project_id}/events/bulk-update","yes","","project_id*","EventBulkUpdate","object","Bulk-update events by IDs or by filter (status/event_type).","RETAIL_DATA_ENGINEER","Projects › Activity timeline","","wired","mutation (not probed)"
"Explore & Design","projects","POST","/projects/{project_id}/lock","yes","","project_id*","","object","Acquire the editing lock for the signed-in user. 403 if another user holds it.","RETAIL_DATA_ENGINEER","Projects › Editing lock","","wired","mutation (not probed)"
"Explore & Design","projects","POST","/projects/{project_id}/rls","yes","","project_id*","CreateRlsBinding","object","Creates a row-access (RLS) policy and binds it to a project table so rows are filtered per role/user.","RETAIL_GOVERNOR","Projects › Row-access (RLS)","P0","MISSING","mutation (not probed)"
"Explore & Design","projects","GET","/projects/{project_id}/rls","","","project_id*","","object","List a project's row-access bindings.","RETAIL_GOVERNOR","Projects › Row-access (RLS)","P1","MISSING","served (gated)"
"Explore & Design","projects","DELETE","/projects/{project_id}/rls/{binding_id}","yes","","project_id*, binding_id*","","object","Removes a row-access policy binding from a project table.","RETAIL_GOVERNOR","Projects › Row-access (RLS)","P0","MISSING","mutation (not probed)"
"Explore & Design","projects","POST","/projects/{project_id}/rollback","yes","","project_id*","app__modules__projects__models__RollbackRequest","object","Rolls a project back to a prior saved version (metadata repoint)  marking newer versions superseded.","RETAIL_DATA_ENGINEER","Projects › Version control","","wired","mutation (not probed)"
"Explore & Design","projects","GET","/projects/{project_id}/runs","","","project_id*, status, deployment_id, page, page_size","","object","Unified run list for any project type.","RETAIL_DATA_ENGINEER","Projects › Run history","","wired","served (gated)"
"Explore & Design","projects","POST","/projects/{project_id}/unlock","yes","","project_id*","","object","Release the editing lock previously held by the signed-in user.","RETAIL_DATA_ENGINEER","Projects › Editing lock","","wired","mutation (not probed)"
"Explore & Design","projects","GET","/projects/last-used","","","module","","object","Get last-used projects per module.","RETAIL_DATA_ENGINEER","Projects › Project list","P1","MISSING","served (gated)"
"Explore & Design","projects","POST","/projects/last-used","yes","","","","object","Store which project user last worked on  per module.","RETAIL_DATA_ENGINEER","Projects › Project list","P0","MISSING","mutation (not probed)"
"Explore & Design","projects","POST","/projects/seed-samples","yes","","","","object","Seeds sample Explore & Design and Workflow projects (with owner/editor/viewer contributors  versions  deployments  and runs) so every module shows realistic data; safe to re-run and restricted to super-admins.","ACCOUNTADMIN","Projects › Project list","P0","MISSING","mutation (not probed)"
"Explore & Design","projects","GET","/projects/unified","","","mine_only","","object","Returns projects grouped by type with last activity  contributors  and cross-module last-used information.","RETAIL_DATA_ENGINEER","Projects › Project list","P1","MISSING","served (gated)"
"Governance","access-requests","POST","/access-requests","yes","","","CreateAccessRequest","object","Request access to a data asset (routes to its owner)","BUSINESS_USER","Access Requests › Request","P1","MISSING","mutation (not probed)"
"Governance","access-requests","POST","/access-requests/{request_id}/approve","yes","","request_id*","DecisionBody","object","Owner approves → executes a real Snowflake GRANT","RETAIL_GOVERNOR","Access Requests › Approve","P1","MISSING","mutation (not probed)"
"Governance","access-requests","POST","/access-requests/{request_id}/deny","yes","","request_id*","DecisionBody","object","Owner denies the request","RETAIL_GOVERNOR","Access Requests › Deny","P1","MISSING","mutation (not probed)"
"Governance","access-requests","GET","/access-requests/all","","","","","object","Full access-request audit (account-admin)","any","Access Requests › All","P2","MISSING","served (gated)"
"Governance","access-requests","GET","/access-requests/inbox","","","","","object","Requests awaiting my approval (I am the asset owner)","any","Access Requests › Inbox","P2","MISSING","served (gated)"
"Governance","access-requests","GET","/access-requests/mine","","","","","object","My access requests + their status","any","Access Requests › Mine","P2","MISSING","served (gated)"
"Governance","gouvernance","GET","/gouvernance/access-review/summary","","","window_days","","object","Read-only access-review digest aggregated from existing governance reads.","RETAIL_GOVERNOR","Governance › Compliance posture","P1","MISSING","served (gated)"
"Governance","gouvernance","POST","/gouvernance/access-roles/from-objects","yes","","","AccessRoleFromObjects","object","Mints an access (technical) role that carries a chosen set of object grants.","RETAIL_GOVERNOR","Governance › Roles & grants","P0","MISSING","mutation (not probed)"
"Governance","gouvernance","POST","/gouvernance/add-role","yes","","","RoleCreate","object","Creates a Snowflake role (CREATE ROLE).","ACCOUNTADMIN","Governance › Roles & grants","","wired","mutation (not probed)"
"Governance","gouvernance","POST","/gouvernance/add-user","yes","","","UserCreate","object","Creates a Snowflake user (CREATE USER)  optionally granting a role in the same call.","ACCOUNTADMIN","Governance › Users","","wired","mutation (not probed)"
"Governance","gouvernance","POST","/gouvernance/assign-role","yes","","","AssignRole","object","Grants a role to a user (GRANT ROLE ... TO USER).","ACCOUNTADMIN","Governance › Roles & grants","","wired","mutation (not probed)"
"Governance","gouvernance","GET","/gouvernance/client/dashboard","","","","","object","Return dashboard KPIs for the connected Snowflake account.","ACCOUNTADMIN","Governance › Governance dashboard","","wired","served (gated)"
"Governance","gouvernance","GET","/gouvernance/compliance/score","","","days","","object","Returns an account-level governance compliance score (0-100) with a per-dimension breakdown across masking  row-access  and tagging.","RETAIL_GOVERNOR","Governance › Compliance posture","P1","MISSING","served (gated)"
"Governance","gouvernance","GET","/gouvernance/d360-roles","","","","","object","List all Data360 roles with their metadata and permission counts.","RETAIL_GOVERNOR","Governance › D360 roles & permissions","P1","MISSING","served (gated)"
"Governance","gouvernance","POST","/gouvernance/d360-roles","yes","","","D360RoleCreate","object","Creates a custom Data360 role (an application-RBAC role with a page/action permission set).","RETAIL_GOVERNOR","Governance › D360 roles & permissions","P0","MISSING","mutation (not probed)"
"Governance","gouvernance","PUT","/gouvernance/d360-roles/{role_name}","yes","","role_name*","D360RoleUpdate","object","Update display name or description of a custom D360 role.","RETAIL_GOVERNOR","Governance › D360 roles & permissions","P0","MISSING","mutation (not probed)"
"Governance","gouvernance","DELETE","/gouvernance/d360-roles/{role_name}","yes","","role_name*","","object","Delete a custom D360 role and all its permissions.","RETAIL_GOVERNOR","Governance › D360 roles & permissions","P0","MISSING","mutation (not probed)"
"Governance","gouvernance","POST","/gouvernance/d360-roles/{role_name}/apply-template","yes","","role_name*","ApplyTemplateBody","object","Copies a system role template's action set onto a custom Data360 role.","RETAIL_GOVERNOR","Governance › D360 roles & permissions","P0","MISSING","mutation (not probed)"
"Governance","gouvernance","GET","/gouvernance/d360-roles/{role_name}/permissions","","","role_name*, project_id","","object","Return a role's module→page→tab→action allow/deny matrix.","RETAIL_GOVERNOR","Governance › D360 roles & permissions","P1","MISSING","served (gated)"
"Governance","gouvernance","PUT","/gouvernance/d360-roles/{role_name}/permissions","yes","","role_name*","PermissionBulkSet","object","Replace a custom role's permission rows with the supplied set (upsert).","RETAIL_GOVERNOR","Governance › D360 roles & permissions","P0","MISSING","mutation (not probed)"
"Governance","gouvernance","GET","/gouvernance/d360-roles/action-registry","","","","","object","Return the complete grantable-action catalog from the RBAC ACTION_REGISTRY.","RETAIL_GOVERNOR","Governance › D360 roles & permissions","P1","MISSING","served (gated)"
"Governance","gouvernance","GET","/gouvernance/d360-roles/effective/{username}","","","username*, project_id","","object","Computes the effective Data360 action set for an arbitrary user (admin view).","RETAIL_GOVERNOR","Governance › D360 roles & permissions","P1","MISSING","served (gated)"
"Governance","gouvernance","GET","/gouvernance/d360-roles/my-module-access","","","","","object","Coarse module→level map for the CALLING user.","RETAIL_GOVERNOR","Governance › D360 roles & permissions","P1","MISSING","served (gated)"
"Governance","gouvernance","GET","/gouvernance/d360-roles/my-permissions","","","","","object","Resolve the CALLING user's effective Data360 action set.","RETAIL_GOVERNOR","Governance › D360 roles & permissions","P1","MISSING","served (gated)"
"Governance","gouvernance","GET","/gouvernance/d360-roles/templates","","","","","object","Return the 7 standard Data360 role templates with their permission summaries.","RETAIL_GOVERNOR","Governance › D360 roles & permissions","P1","MISSING","served (gated)"
"Governance","gouvernance","GET","/gouvernance/dashboard/activity","","","username, module_name, event_type, status, start_date, end_date, query_status","","object","Return USER_ACTIVITY events for account-level dashboard and audit.","ACCOUNTADMIN","Governance › Governance dashboard","P1","MISSING","served (gated)"
"Governance","gouvernance","GET","/gouvernance/dashboard/errors","","","limit, module_name, start_date, end_date","","object","Return recent ERROR events from USER_ACTIVITY for audit and AI recommendations.","ACCOUNTADMIN","Governance › Governance dashboard","P1","MISSING","served (gated)"
"Governance","gouvernance","POST","/gouvernance/disable_user/","yes","","username*","","object","Disables (locks) a Snowflake user account by username.","ACCOUNTADMIN","Governance › Users","","wired","mutation (not probed)"
"Governance","gouvernance","DELETE","/gouvernance/drop-role","yes","","","RoleCreate","object","Drops a Snowflake role (DROP ROLE).","ACCOUNTADMIN","Governance › Roles & grants","","wired","mutation (not probed)"
"Governance","gouvernance","POST","/gouvernance/drop-roles-batch","yes","","","","object","Drops multiple Snowflake roles in one call.","ACCOUNTADMIN","Governance › Roles & grants","","wired","mutation (not probed)"
"Governance","gouvernance","DELETE","/gouvernance/drop-user","yes","","","UserDelete","object","Drops a Snowflake user (DROP USER).","ACCOUNTADMIN","Governance › Users","","wired","mutation (not probed)"
"Governance","gouvernance","POST","/gouvernance/drop-users-batch","yes","","","","object","Drops multiple Snowflake users in one call.","ACCOUNTADMIN","Governance › Users","","wired","mutation (not probed)"
"Governance","gouvernance","POST","/gouvernance/enable_user/","yes","","username*","","object","Enables (unlocks) a Snowflake user account.","ACCOUNTADMIN","Governance › Users","","wired","mutation (not probed)"
"Governance","gouvernance","GET","/gouvernance/enterprise-users","","","page, page_size, sort_by, sort_dir, search","","object","Get enterprise users from the directory table with pagination.","ACCOUNTADMIN","Governance › Users","P1","MISSING","served (gated)"
"Governance","gouvernance","PUT","/gouvernance/enterprise-users/{username}","yes","","username*","EnterpriseUserUpdate","object","Update fields for an enterprise user (inline edit save).","ACCOUNTADMIN","Governance › Users","P0","MISSING","mutation (not probed)"
"Governance","gouvernance","DELETE","/gouvernance/enterprise-users/{username}","yes","","username*","","object","Remove a user from the enterprise directory (does NOT drop the Snowflake user).","ACCOUNTADMIN","Governance › Users","P0","MISSING","mutation (not probed)"
"Governance","gouvernance","POST","/gouvernance/enterprise-users/sync","yes","","","","object","Sync users from Snowflake SHOW USERS into the ENTERPRISE_USERS directory.","ACCOUNTADMIN","Governance › Users","P0","MISSING","mutation (not probed)"
"Governance","gouvernance","GET","/gouvernance/get_dwh_health_info","","","schema_name","","object","Get DWH health info.","ACCOUNTADMIN","Governance › Governance dashboard","P1","MISSING","served (gated)"
"Governance","gouvernance","GET","/gouvernance/get_dwh_schemas","","","","","object","List all DWH schemas (schemas starting with 'DWH').","ACCOUNTADMIN","Governance › Governance dashboard","P1","MISSING","served (gated)"
"Governance","gouvernance","GET","/gouvernance/get_dwh_storage_info","","","database_name, schema_name","","object","Get total and per-table storage (in MB) for the given Snowflake DWH.","ACCOUNTADMIN","Governance › Governance dashboard","P1","MISSING","served (gated)"
"Governance","gouvernance","POST","/gouvernance/grant-permission","yes","","privileges*, object_type*, object_name*, role_name*","","object","Grants a privilege on an object to a role (GRANT ... ON ...).","ACCOUNTADMIN","Governance › Roles & grants","","wired","mutation (not probed)"
"Governance","gouvernance","GET","/gouvernance/grants","","","","","array<RoleModulesOut>","Get all roles with their assigned modules (permissions).","ACCOUNTADMIN","Governance › Roles & grants","","wired","served (gated)"
"Governance","gouvernance","GET","/gouvernance/grants-for-role/{role_name}","","","role_name*","","object","Get grants for a role.","ACCOUNTADMIN","Governance › Roles & grants","","wired","served (gated)"
"Governance","gouvernance","GET","/gouvernance/grants-matrix","","","","","object","Returns SHOW GRANTS for every visible role in one batched request.","ACCOUNTADMIN","Governance › Roles & grants","P1","MISSING","served (gated)"
"Governance","gouvernance","GET","/gouvernance/gui-permissions","","","","","object","List all GUI permission rules.","RETAIL_GOVERNOR","Governance › GUI page-access matrix","P1","MISSING","served (gated)"
"Governance","gouvernance","POST","/gouvernance/gui-permissions","yes","","","GuiPermissionCreate","object","Create or update a GUI permission rule (upsert by role_name + page_path).","RETAIL_GOVERNOR","Governance › GUI page-access matrix","P0","MISSING","mutation (not probed)"
"Governance","gouvernance","DELETE","/gouvernance/gui-permissions/{permission_id}","yes","","permission_id*","","object","Delete a GUI permission rule by ID.","RETAIL_GOVERNOR","Governance › GUI page-access matrix","P0","MISSING","mutation (not probed)"
"Governance","gouvernance","GET","/gouvernance/gui-permissions/effective/{username}","","","username*","","object","Get the effective page-access map for an ARBITRARY user's roles.","RETAIL_GOVERNOR","Governance › GUI page-access matrix","P1","MISSING","served (gated)"
"Governance","gouvernance","GET","/gouvernance/gui-permissions/my-access","","","","","object","Get the page access map for the currently logged-in user's roles.","RETAIL_GOVERNOR","Governance › GUI page-access matrix","P1","MISSING","served (gated)"
"Governance","gouvernance","GET","/gouvernance/info","","","","","object","Retrieve metadata about all active Snowflake integrations and connectors.","ACCOUNTADMIN","Governance › Governance dashboard","P1","MISSING","served (gated)"
"Governance","gouvernance","GET","/gouvernance/oauth/api-keys","","","","","object","List service accounts that have RSA public keys assigned (key pair auth).","ACCOUNTADMIN","Governance › Security integrations (OAuth/SAML/keys)","P1","MISSING","served (gated)"
"Governance","gouvernance","POST","/gouvernance/oauth/assign-rsa-key","yes","","","AssignRSAKeyRequest","object","Assign RSA public key to a user for key pair authentication (PAT equivalent).","ACCOUNTADMIN","Governance › Security integrations (OAuth/SAML/keys)","P0","MISSING","mutation (not probed)"
"Governance","gouvernance","GET","/gouvernance/oauth/integrations","","","","","object","List all security integrations (OAuth  SAML  SCIM).","ACCOUNTADMIN","Governance › Security integrations (OAuth/SAML/keys)","P1","MISSING","served (gated)"
"Governance","gouvernance","POST","/gouvernance/oauth/integrations","yes","","","CreateOAuthIntegrationRequest","object","Create a Snowflake security integration for external OAuth (Azure Entra ID  Okta  custom).","ACCOUNTADMIN","Governance › Security integrations (OAuth/SAML/keys)","P0","MISSING","mutation (not probed)"
"Governance","gouvernance","GET","/gouvernance/oauth/network-policies","","","","","object","List all network policies with IP allowlists.","RETAIL_GOVERNOR","Governance › Security integrations (OAuth/SAML/keys)","P1","MISSING","served (gated)"
"Governance","gouvernance","DELETE","/gouvernance/oauth/revoke-rsa-key/{username}","yes","","username*","","object","Remove RSA public key from a user  disabling key pair auth.","ACCOUNTADMIN","Governance › Security integrations (OAuth/SAML/keys)","P0","MISSING","mutation (not probed)"
"Governance","gouvernance","POST","/gouvernance/oauth/saml-integrations","yes","","","CreateSAMLIntegrationRequest","object","Create a SAML2 security integration for SSO (Azure Entra ID  Okta  ADFS).","ACCOUNTADMIN","Governance › Security integrations (OAuth/SAML/keys)","P0","MISSING","mutation (not probed)"
"Governance","gouvernance","POST","/gouvernance/oauth/service-users","yes","","","CreateServiceUserRequest","object","Create a Snowflake service user (TYPE=SERVICE) for programmatic access via key pair auth.","ACCOUNTADMIN","Governance › Security integrations (OAuth/SAML/keys)","P0","MISSING","mutation (not probed)"
"Governance","gouvernance","GET","/gouvernance/policies","","","database, schema","","StandardResponse","Unified governance-policy inventory: masking  row-access (RLS) and aggregation policies in one call.","RETAIL_GOVERNOR","Governance › Policies","P1","MISSING","served (gated)"
"Governance","gouvernance","GET","/gouvernance/policies/{policy_type}","","","policy_type*","","object","List all policies of a specific type.","RETAIL_GOVERNOR","Governance › Policies","P1","MISSING","served (gated)"
"Governance","gouvernance","DELETE","/gouvernance/policies/{policy_type}/{policy_name}","yes","","policy_type*, policy_name*, database, schema","","object","Deletes a governance policy of the given type.","RETAIL_GOVERNOR","Governance › Policies","","wired","mutation (not probed)"
"Governance","gouvernance","PUT","/gouvernance/policies/{policy_type}/{policy_name}/metadata","yes","","policy_type*, policy_name*, database, schema","UpdatePolicyMetadataPayload","StandardResponse","Persist policy expiration/comment metadata  and push a SQL COMMENT when supported.","RETAIL_GOVERNOR","Governance › Policies","P0","MISSING","mutation (not probed)"
"Governance","gouvernance","GET","/gouvernance/policies/{policy_type}/{policy_name}/references","","","policy_type*, policy_name*, database, schema","","StandardResponse","Pre-delete dependency check via INFORMATION_SCHEMA.POLICY_REFERENCES.","RETAIL_GOVERNOR","Governance › Policies","","wired","served (gated)"
"Governance","gouvernance","PUT","/gouvernance/policies/{policy_type}/{policy_name}/roles","yes","","policy_type*, policy_name*, database, schema","UpdatePolicyRolesPayload","StandardResponse","Grants or revokes the APPLY privilege on a policy for the given roles.","RETAIL_GOVERNOR","Governance › Policies","P0","MISSING","mutation (not probed)"
"Governance","gouvernance","POST","/gouvernance/policies/{policy_type}/{policy_name}/unapply-all","yes","","policy_type*, policy_name*, database, schema","","StandardResponse","Detach a policy from all of its references so it can then be dropped.","RETAIL_GOVERNOR","Governance › Policies","","wired","mutation (not probed)"
"Governance","gouvernance","POST","/gouvernance/policies/aggregation","yes","","policy_name*, aggregation_constraint*, database, schema, expiration_date","","StandardResponse","Creates an aggregation policy that forces queries to return only grouped/aggregated results.","RETAIL_GOVERNOR","Governance › Data protection policies","","wired","mutation (not probed)"
"Governance","gouvernance","DELETE","/gouvernance/policies/aggregation/{database}/{schema}/{table}","yes","","database*, schema*, table*","","StandardResponse","Removes the aggregation policy from a table (UNSET AGGREGATION POLICY).","RETAIL_GOVERNOR","Governance › Data protection policies","","wired","mutation (not probed)"
"Governance","gouvernance","GET","/gouvernance/policies/aggregation/{policy_name}/details","","","policy_name*, database, schema","","StandardResponse","Describe aggregation policy.","RETAIL_GOVERNOR","Governance › Data protection policies","","wired","served (gated)"
"Governance","gouvernance","POST","/gouvernance/policies/aggregation/apply","yes","","policy_name*, database*, schema*, table*, policy_database, policy_schema","","StandardResponse","Applies an aggregation policy to a table (SET AGGREGATION POLICY).","RETAIL_GOVERNOR","Governance › Data protection policies","","wired","mutation (not probed)"
"Governance","gouvernance","POST","/gouvernance/policies/aggregation/replace","yes","","new_policy_name*, database*, schema*, table_name*, policy_database, policy_schema","","StandardResponse","Swaps a table's existing aggregation policy for a different one.","RETAIL_GOVERNOR","Governance › Data protection policies","","wired","mutation (not probed)"
"Governance","gouvernance","POST","/gouvernance/policies/classification/apply-tags","yes","","table_name*","","object","Applies the detected semantic-category tags to the classified columns.","RETAIL_GOVERNOR","Governance › Classification & tags","P0","MISSING","mutation (not probed)"
"Governance","gouvernance","POST","/gouvernance/policies/classification/classifiers","yes","","name*, database, schema","","object","Creates a custom classifier for detecting organization-specific data patterns.","RETAIL_GOVERNOR","Governance › Classification & tags","P0","MISSING","mutation (not probed)"
"Governance","gouvernance","POST","/gouvernance/policies/classification/classifiers/{name}/regex","yes","","name*, semantic_category*, privacy_category*, value_regex*, col_name_regex, threshold, database, schema","","object","Adds a regex pattern to a custom classifier.","RETAIL_GOVERNOR","Governance › Classification & tags","P0","MISSING","mutation (not probed)"
"Governance","gouvernance","POST","/gouvernance/policies/classification/classify","yes","","table_name*","","object","Runs Snowflake auto-classification on a table's columns to detect semantic categories and PII.","RETAIL_GOVERNOR","Governance › Classification & tags","P0","MISSING","mutation (not probed)"
"Governance","gouvernance","POST","/gouvernance/policies/classification/extract-categories","yes","","table_name*","","object","Extracts the semantic categories found by a classification run.","RETAIL_GOVERNOR","Governance › Classification & tags","P0","MISSING","mutation (not probed)"
"Governance","gouvernance","POST","/gouvernance/policies/dmf","yes","","name*, table_args*, expression*, database, schema, comment","","object","Creates a data metric function (DMF) that computes a custom data-quality metric.","RETAIL_GOVERNOR","Governance › Classification & tags","P0","MISSING","mutation (not probed)"
"Governance","gouvernance","DELETE","/gouvernance/policies/dmf/{name}","yes","","name*, arg_types, database, schema","","object","Deletes a data metric function.","RETAIL_GOVERNOR","Governance › Classification & tags","P0","MISSING","mutation (not probed)"
"Governance","gouvernance","GET","/gouvernance/policies/dmf/{name}/details","","","name*, database, schema","","object","Describe data metric function.","RETAIL_GOVERNOR","Governance › Classification & tags","P1","MISSING","served (gated)"
"Governance","gouvernance","GET","/gouvernance/policies/dmf/all-references","","","database, schema","","object","Get all DMF references.","RETAIL_GOVERNOR","Governance › Classification & tags","P1","MISSING","served (gated)"
"Governance","gouvernance","POST","/gouvernance/policies/dmf/associate","yes","","table_fqn*, dmf_name*, columns*, database, schema","","object","Attaches a data metric function to specific table columns so it runs on schedule.","RETAIL_GOVERNOR","Governance › Classification & tags","P0","MISSING","mutation (not probed)"
"Governance","gouvernance","POST","/gouvernance/policies/dmf/disassociate","yes","","table_fqn*, dmf_name*, columns*, database, schema","","object","Detaches a data metric function from table columns.","RETAIL_GOVERNOR","Governance › Classification & tags","P0","MISSING","mutation (not probed)"
"Governance","gouvernance","GET","/gouvernance/policies/dmf/list","","","database, schema","","object","List data metric functions.","RETAIL_GOVERNOR","Governance › Classification & tags","P1","MISSING","served (gated)"
"Governance","gouvernance","GET","/gouvernance/policies/dmf/references","","","table_name*","","object","Get DMF references for a table.","RETAIL_GOVERNOR","Governance › Classification & tags","P1","MISSING","served (gated)"
"Governance","gouvernance","POST","/gouvernance/policies/dmf/schedule","yes","","table_fqn*, schedule*","","object","Sets the execution schedule for a data metric function on a table.","RETAIL_GOVERNOR","Governance › Classification & tags","P0","MISSING","mutation (not probed)"
"Governance","gouvernance","GET","/gouvernance/policies/health","","","","","object","Runs a live  uncached governance-policy health check that exercises the real path.","RETAIL_GOVERNOR","Governance › Policies","","wired","served (open)"
"Governance","gouvernance","POST","/gouvernance/policies/masking","yes","","policy_name*, data_type*, masking_type, custom_expression, authorized_roles, database, schema, expiration_date","","StandardResponse","Creates a masking policy that redacts or transforms sensitive column values based on the querying role.","RETAIL_GOVERNOR","Governance › Data protection policies","","wired","mutation (not probed)"
"Governance","gouvernance","GET","/gouvernance/policies/masking/{policy_name}/details","","","policy_name*, database, schema","","StandardResponse","Describe masking policy.","RETAIL_GOVERNOR","Governance › Data protection policies","","wired","served (gated)"
"Governance","gouvernance","POST","/gouvernance/policies/masking/apply","yes","","policy_name*, database*, schema*, table*, column*, policy_database, policy_schema","","StandardResponse","Applies a masking policy to a column (SET MASKING POLICY).","RETAIL_GOVERNOR","Governance › Data protection policies","","wired","mutation (not probed)"
"Governance","gouvernance","POST","/gouvernance/policies/masking/batch-details","yes","","","_MaskingBatchDetailsBody","StandardResponse","Return many masking policy details in one API round-trip.","RETAIL_GOVERNOR","Governance › Data protection policies","P0","MISSING","mutation (not probed)"
"Governance","gouvernance","POST","/gouvernance/policies/masking/preview","yes","","","","object","Previews masked-vs-unmasked sample values for a table's masked columns (read-only).","RETAIL_GOVERNOR","Governance › Data protection policies","P0","MISSING","mutation (not probed)"
"Governance","gouvernance","POST","/gouvernance/policies/masking/remove","yes","","database*, schema*, table*, column*","","StandardResponse","Removes a masking policy from a column (UNSET MASKING POLICY).","RETAIL_GOVERNOR","Governance › Data protection policies","","wired","mutation (not probed)"
"Governance","gouvernance","POST","/gouvernance/policies/masking/replace","yes","","new_policy_name*, database*, schema*, table_name*, column_name*, policy_database, policy_schema","","StandardResponse","Swaps a column's existing masking policy for a different one.","RETAIL_GOVERNOR","Governance › Data protection policies","","wired","mutation (not probed)"
"Governance","gouvernance","GET","/gouvernance/policies/my-scope","","","database, schema","","StandardResponse","Returns the governance policies relevant to the caller's active role (available to any authenticated user  not admin-gated).","RETAIL_GOVERNOR","Governance › Policies","P1","MISSING","served (gated)"
"Governance","gouvernance","POST","/gouvernance/policies/network","yes","","policy_name*, allowed_ip_list, blocked_ip_list, comment, expiration_date","","StandardResponse","Creates a network policy defining allowed/blocked IP ranges.","RETAIL_GOVERNOR","Governance › Account security policies","","wired","mutation (not probed)"
"Governance","gouvernance","DELETE","/gouvernance/policies/network/{policy_name}","yes","","policy_name*","","StandardResponse","Deletes a network policy.","RETAIL_GOVERNOR","Governance › Account security policies","","wired","mutation (not probed)"
"Governance","gouvernance","GET","/gouvernance/policies/network/{policy_name}/details","","","policy_name*","","StandardResponse","Describe network policy.","RETAIL_GOVERNOR","Governance › Account security policies","","wired","served (gated)"
"Governance","gouvernance","POST","/gouvernance/policies/network/{policy_name}/set-default","yes","","policy_name*","","StandardResponse","Sets a network policy as the account default (ALTER ACCOUNT SET NETWORK_POLICY).","RETAIL_GOVERNOR","Governance › Account security policies","","wired","mutation (not probed)"
"Governance","gouvernance","GET","/gouvernance/policies/network/list","","","","","object","List account network policies.","RETAIL_GOVERNOR","Governance › Account security policies","","wired","served (gated)"
"Governance","gouvernance","GET","/gouvernance/policies/objects/columns/{database}/{schema}/{table}","","","database*, schema*, table*","","StandardResponse","List columns for policy pickers.","RETAIL_GOVERNOR","Governance › Policies","","wired","served (gated)"
"Governance","gouvernance","GET","/gouvernance/policies/objects/databases","","","","","StandardResponse","List databases for policy pickers.","RETAIL_GOVERNOR","Governance › Policies","","wired","served (gated)"
"Governance","gouvernance","GET","/gouvernance/policies/objects/schemas/{database}","","","database*","","StandardResponse","List schemas for policy pickers.","RETAIL_GOVERNOR","Governance › Policies","","wired","served (gated)"
"Governance","gouvernance","GET","/gouvernance/policies/objects/tables/{database}/{schema}","","","database*, schema*","","StandardResponse","List tables for policy pickers.","RETAIL_GOVERNOR","Governance › Policies","","wired","served (gated)"
"Governance","gouvernance","POST","/gouvernance/policies/password","yes","","policy_name*, password_min_length, password_max_length, password_min_upper_case_chars, password_min_lower_case_chars, password_min_numeric_chars, password_min_special_chars, password_max_age_days, password_max_retries, password_lockout_time_mins, database, schema, expiration_date","","StandardResponse","Creates a password policy (length  complexity  rotation rules).","RETAIL_GOVERNOR","Governance › Account security policies","","wired","mutation (not probed)"
"Governance","gouvernance","GET","/gouvernance/policies/password/{policy_name}/details","","","policy_name*, database, schema","","StandardResponse","Describe password policy.","RETAIL_GOVERNOR","Governance › Account security policies","","wired","served (gated)"
"Governance","gouvernance","POST","/gouvernance/policies/password/{policy_name}/set-default","yes","","policy_name*, database, schema","","StandardResponse","Sets a password policy as the account default.","RETAIL_GOVERNOR","Governance › Account security policies","","wired","mutation (not probed)"
"Governance","gouvernance","GET","/gouvernance/policies/password/list","","","database, schema","","object","List password policies in the governance schema.","RETAIL_GOVERNOR","Governance › Account security policies","P1","MISSING","served (gated)"
"Governance","gouvernance","POST","/gouvernance/policies/pii-scan","yes","","database*, schema*, sample_size, enable_ai, ai_model","","object","Scan column names + sample data using regex patterns for PII detection  then enrich the response with:.","RETAIL_GOVERNOR","Governance › Classification & tags","P0","MISSING","mutation (not probed)"
"Governance","gouvernance","POST","/gouvernance/policies/row-access","yes","","policy_name*, signature*, expression*, database, schema, description, expiration_date","","StandardResponse","Creates a row-access (RLS) policy that restricts which rows a role/user can see.","RETAIL_GOVERNOR","Governance › Data protection policies","","wired","mutation (not probed)"
"Governance","gouvernance","GET","/gouvernance/policies/row-access/{policy_name}/details","","","policy_name*, database, schema","","StandardResponse","Describe row access policy.","RETAIL_GOVERNOR","Governance › Data protection policies","P1","MISSING","served (gated)"
"Governance","gouvernance","POST","/gouvernance/policies/row-access/apply","yes","","policy_name*, table_name*, database*, schema*, policy_column*, policy_database, policy_schema","","StandardResponse","Applies a row-access policy to a table on the specified columns (ADD ROW ACCESS POLICY).","RETAIL_GOVERNOR","Governance › Data protection policies","","wired","mutation (not probed)"
"Governance","gouvernance","POST","/gouvernance/policies/row-access/remove","yes","","table_name*, database*, schema*","","StandardResponse","Removes a row-access policy from a table (DROP ROW ACCESS POLICY).","RETAIL_GOVERNOR","Governance › Data protection policies","","wired","mutation (not probed)"
"Governance","gouvernance","POST","/gouvernance/policies/row-access/replace","yes","","new_policy_name*, table_name*, database*, schema*, policy_column*, policy_database, policy_schema","","StandardResponse","Swaps a table's existing row-access policy for a different one in a single operation.","RETAIL_GOVERNOR","Governance › Data protection policies","","wired","mutation (not probed)"
"Governance","gouvernance","POST","/gouvernance/policies/row-access/simulate","yes","","","","object","Simulates row-access (RLS) visibility for a chosen role/user  showing which rows they could see (read-only).","RETAIL_GOVERNOR","Governance › Data protection policies","P0","MISSING","mutation (not probed)"
"Governance","gouvernance","POST","/gouvernance/policies/session","yes","","policy_name*, session_idle_timeout_mins, session_ui_idle_timeout_mins, database, schema, expiration_date","","StandardResponse","Creates a session policy (idle timeout and maximum session length).","RETAIL_GOVERNOR","Governance › Account security policies","","wired","mutation (not probed)"
"Governance","gouvernance","GET","/gouvernance/policies/session/{policy_name}/details","","","policy_name*, database, schema","","StandardResponse","Describe session policy.","RETAIL_GOVERNOR","Governance › Account security policies","","wired","served (gated)"
"Governance","gouvernance","POST","/gouvernance/policies/session/{policy_name}/set-default","yes","","policy_name*, database, schema","","StandardResponse","Sets a session policy as the account default.","RETAIL_GOVERNOR","Governance › Account security policies","","wired","mutation (not probed)"
"Governance","gouvernance","GET","/gouvernance/policies/session/list","","","database, schema","","object","List session policies in the governance schema.","RETAIL_GOVERNOR","Governance › Account security policies","P1","MISSING","served (gated)"
"Governance","gouvernance","POST","/gouvernance/policies/tags","yes","","tag_name*, allowed_values, comment, database, schema","","StandardResponse","Creates an object tag used for data classification.","RETAIL_GOVERNOR","Governance › Classification & tags","","wired","mutation (not probed)"
"Governance","gouvernance","DELETE","/gouvernance/policies/tags/{tag_name}","yes","","tag_name*, database, schema","","StandardResponse","Deletes an object tag.","RETAIL_GOVERNOR","Governance › Classification & tags","","wired","mutation (not probed)"
"Governance","gouvernance","GET","/gouvernance/policies/tags/{tag_name}/details","","","tag_name*, database, schema","","StandardResponse","Describe tag.","RETAIL_GOVERNOR","Governance › Classification & tags","","wired","served (gated)"
"Governance","gouvernance","POST","/gouvernance/policies/tags/apply","yes","","tag_name*, tag_value*, object_type*, database*, schema*, table, column, tag_database, tag_schema","","StandardResponse","Applies a classification tag (with a value) to a database object.","RETAIL_GOVERNOR","Governance › Classification & tags","","wired","mutation (not probed)"
"Governance","gouvernance","GET","/gouvernance/policies/tags/list","","","database, schema","","StandardResponse","List tags.","RETAIL_GOVERNOR","Governance › Classification & tags","","wired","served (gated)"
"Governance","gouvernance","POST","/gouvernance/policies/tags/remove","yes","","object_type*, object_name*, tag_name*, database, schema","","StandardResponse","Removes a classification tag from an object (UNSET TAG).","RETAIL_GOVERNOR","Governance › Classification & tags","","wired","mutation (not probed)"
"Governance","gouvernance","POST","/gouvernance/revoke-permission","yes","","privileges*, object_type*, object_name*, role_name*","","object","Revokes a privilege on an object from a role (REVOKE ... ON ...).","ACCOUNTADMIN","Governance › Roles & grants","","wired","mutation (not probed)"
"Governance","gouvernance","GET","/gouvernance/rls-policies","","","database, schema","","object","List RLS (row access) policies.","RETAIL_GOVERNOR","Governance › Policies","","wired","served (gated)"
"Governance","gouvernance","GET","/gouvernance/roles","","","page, page_size, sort_by, sort_dir, search","","object","List all roles.","RETAIL_GOVERNOR","Governance › Roles & grants","","wired","served (gated)"
"Governance","gouvernance","GET","/gouvernance/roles-for-user/{username}","","","username*","","object","Get roles for a user.","ACCOUNTADMIN","Governance › Roles & grants","","wired","served (gated)"
"Governance","gouvernance","GET","/gouvernance/roles/{role_name}","","","role_name*","","object","Get detailed information about a specific role.","RETAIL_GOVERNOR","Governance › Roles & grants","","wired","served (gated)"
"Governance","gouvernance","PUT","/gouvernance/roles/{role_name}","yes","","role_name*","RoleUpdate","object","Update role properties (comment and/or module permissions).","RETAIL_GOVERNOR","Governance › Roles & grants","","wired","mutation (not probed)"
"Governance","gouvernance","POST","/gouvernance/roles/{role}/grant-role","yes","","role*","GrantRoleBody","object","Attaches an access role to a functional role (role-to-role grant).","RETAIL_GOVERNOR","Governance › Roles & grants","P0","MISSING","mutation (not probed)"
"Governance","gouvernance","DELETE","/gouvernance/roles/{role}/grant-role","yes","","role*, to_role*","","object","Detaches an access role from a functional role (role-to-role revoke).","RETAIL_GOVERNOR","Governance › Roles & grants","P0","MISSING","mutation (not probed)"
"Governance","gouvernance","GET","/gouvernance/roles/{role}/least-privilege","","","role*, window_days","","object","Returns a least-privilege advisory for a role  listing privileges granted but never used (read-only).","RETAIL_GOVERNOR","Governance › Roles & grants","P1","MISSING","served (gated)"
"Governance","gouvernance","GET","/gouvernance/roles/{role}/object-grants","","","role*","","object","List the object/role grants a role carries (SHOW GRANTS TO ROLE).","ACCOUNTADMIN","Governance › Roles & grants","P1","MISSING","served (gated)"
"Governance","gouvernance","GET","/gouvernance/roles/edit/{role_name}","","","role_name*","","object","Get role details for editing (same as view  but signals edit intent).","RETAIL_GOVERNOR","Governance › Roles & grants","","wired","served (gated)"
"Governance","gouvernance","GET","/gouvernance/security-axes","","","","","object","Fetch security axes (regions  stores  departments  custom).","RETAIL_GOVERNOR","Governance › Security matrix","","wired","served (gated)"
"Governance","gouvernance","POST","/gouvernance/security-axes","yes","","","","object","Creates values for a security axis (a classification dimension such as region or business unit).","RETAIL_GOVERNOR","Governance › Security matrix","","wired","mutation (not probed)"
"Governance","gouvernance","PUT","/gouvernance/security-axes/{axis_id}","yes","","axis_id*","","object","Updates the values of a security axis.","RETAIL_GOVERNOR","Governance › Security matrix","","wired","mutation (not probed)"
"Governance","gouvernance","DELETE","/gouvernance/security-axes/{axis_id}","yes","","axis_id*","","object","Clears all values for a security axis.","RETAIL_GOVERNOR","Governance › Security matrix","","wired","mutation (not probed)"
"Governance","gouvernance","GET","/gouvernance/security-matrix","","","role_name","","object","Get the security matrix - maps roles to axis-based access permissions.","RETAIL_GOVERNOR","Governance › Security matrix","","wired","served (gated)"
"Governance","gouvernance","POST","/gouvernance/security-matrix","yes","","","SecurityMatrixCreate","object","Creates a security-matrix entry mapping a role to allowed axis values (drives row-level security).","RETAIL_GOVERNOR","Governance › Security matrix","","wired","mutation (not probed)"
"Governance","gouvernance","PUT","/gouvernance/security-matrix/{entry_id}","yes","","entry_id*","SecurityMatrixUpdate","object","Updates a security-matrix entry.","RETAIL_GOVERNOR","Governance › Security matrix","","wired","mutation (not probed)"
"Governance","gouvernance","DELETE","/gouvernance/security-matrix/{entry_id}","yes","","entry_id*","","object","Deletes a security-matrix entry.","RETAIL_GOVERNOR","Governance › Security matrix","","wired","mutation (not probed)"
"Governance","gouvernance","PUT","/gouvernance/security-matrix/batch","yes","","","SecurityMatrixBatchUpdate","object","Applies a batch of security-matrix row updates in one call.","RETAIL_GOVERNOR","Governance › Security matrix","P0","MISSING","mutation (not probed)"
"Governance","gouvernance","POST","/gouvernance/security-matrix/bulk","yes","","","SecurityMatrixBulkAssign","object","Bulk-assigns multiple security-matrix entries in one call.","RETAIL_GOVERNOR","Governance › Security matrix","","wired","mutation (not probed)"
"Governance","gouvernance","POST","/gouvernance/security-matrix/init","yes","","","","object","Initializes the security-matrix backing schema (one-time setup).","RETAIL_GOVERNOR","Governance › Security matrix","","wired","mutation (not probed)"
"Governance","gouvernance","DELETE","/gouvernance/security-matrix/role/{role_name}","yes","","role_name*","","object","Deletes all security-matrix entries for a role.","RETAIL_GOVERNOR","Governance › Security matrix","","wired","mutation (not probed)"
"Governance","gouvernance","DELETE","/gouvernance/unassign-role","yes","","","AssignRole","object","Revokes a role from a user (REVOKE ROLE ... FROM USER).","ACCOUNTADMIN","Governance › Roles & grants","","wired","mutation (not probed)"
"Governance","gouvernance","PUT","/gouvernance/update-grants","yes","","","UpdateGrantsPayload","object","Updates a role's Data360 module access grants (which modules and pages the role may use).","ACCOUNTADMIN","Governance › Roles & grants","","wired","mutation (not probed)"
"Governance","gouvernance","POST","/gouvernance/user/mfa/set","yes","","","Body_user_mfa_set_gouvernance_user_mfa_set_post","object","Enable or disable MFA for a Snowflake user: POST /gouvernance/user/mfa/set.","ACCOUNTADMIN","Governance › Users","P0","MISSING","mutation (not probed)"
"Governance","gouvernance","GET","/gouvernance/user/mfa/status","","","username*","","object","Returns a user's multi-factor-authentication enrollment status.","ACCOUNTADMIN","Governance › Users","P1","MISSING","served (gated)"
"Governance","gouvernance","GET","/gouvernance/users","","","page, page_size, sort_by, sort_dir, search","","object","List all users.","ACCOUNTADMIN","Governance › Users","","wired","served (gated)"
"Governance","gouvernance","GET","/gouvernance/users-with-roles","","","","","object","Get all users WITH their assigned roles.","ACCOUNTADMIN","Governance › Users","","wired","served (gated)"
"Governance","gouvernance","GET","/gouvernance/users/{username}","","","username*","","object","Get detailed information about a specific user.","ACCOUNTADMIN","Governance › Users","","wired","served (gated)"
"Governance","gouvernance","GET","/gouvernance/users/{username}/roles","","","username*","","object","Get all roles assigned to a specific user.","ACCOUNTADMIN","Governance › Users","","wired","served (gated)"
"Governance","gouvernance","PUT","/gouvernance/users/{username}/roles","yes","","username*","UpdateUserRolesPayload","object","Update all roles for a user (replaces existing role assignments).","ACCOUNTADMIN","Governance › Users","","wired","mutation (not probed)"
"health","health","GET","/health","","","","","object","Health check","any","Platform","P2","MISSING","served (open)"
"Intelligent","chat","GET","/chat/conversations","","","page, page_size","","object","List conversations","any","Chat › Conversations","P2","MISSING","served (gated)"
"Intelligent","chat","GET","/chat/conversations/{conversation_id}","","","conversation_id*","","object","Get conversation","any","Chat › Conversations","P2","MISSING","served (gated)"
"Intelligent","chat","PATCH","/chat/conversations/{conversation_id}","yes","","conversation_id*","UpdateGroupRequest","object","Update conversation","any","Chat › Conversations","P1","MISSING","mutation (not probed)"
"Intelligent","chat","POST","/chat/conversations/{conversation_id}/attachments","yes","","conversation_id*","","object","Upload attachment","any","Chat › Conversations Attachments","P1","MISSING","mutation (not probed)"
"Intelligent","chat","POST","/chat/conversations/{conversation_id}/messages","yes","","conversation_id*","SendMessageRequest","object","Send message","any","Chat › Conversations Messages","P1","MISSING","mutation (not probed)"
"Intelligent","chat","GET","/chat/conversations/{conversation_id}/messages","","","conversation_id*, page, page_size, before_message_id","","object","List messages","any","Chat › Conversations Messages","P2","MISSING","served (gated)"
"Intelligent","chat","GET","/chat/conversations/{conversation_id}/participants","","","conversation_id*","","object","Get conversation participants","any","Chat › Conversations Participants","P2","MISSING","served (gated)"
"Intelligent","chat","POST","/chat/conversations/{conversation_id}/read","yes","","conversation_id*","MarkReadRequest","object","Mark as read","any","Chat › Conversations Read","P1","MISSING","mutation (not probed)"
"Intelligent","chat","POST","/chat/conversations/dm","yes","","","CreateDMRequest","object","Create DM conversation","any","Chat › Conversations DM","P1","MISSING","mutation (not probed)"
"Intelligent","chat","POST","/chat/conversations/group","yes","","","CreateGroupRequest","object","Create group conversation","any","Chat › Conversations Group","P1","MISSING","mutation (not probed)"
"Intelligent","chat","GET","/chat/online-users","","","","","object","List online users","any","Chat › Online Users","P2","MISSING","served (gated)"
"Intelligent","cortex","GET","/cortex/agents","","","database","","object","List Cortex Search Services (agents) in the specified database.","RETAIL_AI_ENGINEER","Cortex AI › Chat & models","P2","MISSING","served (gated)"
"Intelligent","cortex","POST","/cortex/analyst/query","yes","","","AnalystQueryRequest","StandardResponse","Answers a natural-language question: Cortex Analyst generates SQL over a semantic model  executes it  and returns sample rows.","BI_ANALYST","Cortex AI › Analyst (NL→SQL)","P1","MISSING","mutation (not probed)"
"Intelligent","cortex","POST","/cortex/code-generate","yes","","","_CodeGenerateRequest","StandardResponse","Generate code in the requested language using a user-chosen Cortex model.","RETAIL_AI_ENGINEER","Cortex AI › AI assistant","P1","MISSING","mutation (not probed)"
"Intelligent","cortex","POST","/cortex/complete","yes","","","CompletionRequest","StandardResponse","Generate text completion using Snowflake Cortex LLM models.","RETAIL_AI_ENGINEER","Cortex AI › AI assistant","","wired","mutation (not probed)"
"Intelligent","cortex","GET","/cortex/conversations","","","module, table, project_id, limit","","StandardResponse","Return the caller's stored AI exchanges (one row per prompt/response).","BI_ANALYST","Cortex AI › Chat & models","P2","MISSING","served (gated)"
"Intelligent","cortex","GET","/cortex/conversations/{conversation_id}","","","conversation_id*","","StandardResponse","Read a single stored AI exchange by CHAT_HISTORY row id.","BI_ANALYST","Cortex AI › Chat & models","P2","MISSING","served (gated)"
"Intelligent","cortex","GET","/cortex/duckdb/datasets","","","database","","object","List staged Parquet/CSV files available for DuckDB-style zero-cost queries.","BI_ANALYST","Cortex AI › Local (DuckDB) analytics","P2","MISSING","served (gated)"
"Intelligent","cortex","POST","/cortex/duckdb/query","yes","","","DuckDBQueryRequest","object","Export a table to Parquet  then query it without warehouse credits.","BI_ANALYST","Cortex AI › Local (DuckDB) analytics","P1","MISSING","mutation (not probed)"
"Intelligent","cortex","POST","/cortex/duckdb/query-stage","yes","","","DuckDBQueryStageRequest","object","Queries Parquet/CSV files directly in a stage using local DuckDB  with no warehouse compute.","BI_ANALYST","Cortex AI › Local (DuckDB) analytics","P1","MISSING","mutation (not probed)"
"Intelligent","cortex","POST","/cortex/embeddings","yes","","","EmbeddingRequest","StandardResponse","Generate text embeddings using Snowflake Cortex embedding models.","RETAIL_AI_ENGINEER","Cortex AI › Embeddings & vectors","","wired","mutation (not probed)"
"Intelligent","cortex","GET","/cortex/explore/databases","","","","","StandardResponse","List all accessible databases.","BI_ANALYST","Cortex AI › Schema explorer","","wired","served (gated)"
"Intelligent","cortex","GET","/cortex/explore/schemas","","","database*","","StandardResponse","List all schemas in a database.","BI_ANALYST","Cortex AI › Schema explorer","","wired","served (gated)"
"Intelligent","cortex","POST","/cortex/explore/tables","yes","","","SchemaExploreRequest","StandardResponse","List all tables in a database/schema for data exploration.","BI_ANALYST","Cortex AI › Schema explorer","","wired","mutation (not probed)"
"Intelligent","cortex","POST","/cortex/icon-suggest","yes","","","_IconSuggestRequest","StandardResponse","Pick a Lucide icon name from a curated whitelist based on chart context.","BI_ANALYST","Cortex AI › AI assistant","P1","MISSING","mutation (not probed)"
"Intelligent","cortex","GET","/cortex/kpis","","","","","StandardResponse","Return KPIs for the Intelligent Analytics (Cortex) dashboard.","BI_ANALYST","Cortex AI › Chat & models","","wired","served (gated)"
"Intelligent","cortex","DELETE","/cortex/ml/classification/{model_name}","yes","","model_name*, database, schema","","object","Drops a trained Cortex ML classification model.","RETAIL_AI_ENGINEER","Cortex AI › ML classification","P1","MISSING","mutation (not probed)"
"Intelligent","cortex","GET","/cortex/ml/classification/{model_name}/metrics","","","model_name*, database, schema","","object","Get evaluation metrics  feature importance  and confusion matrix for a classification model.","RETAIL_AI_ENGINEER","Cortex AI › ML classification","P2","MISSING","served (gated)"
"Intelligent","cortex","GET","/cortex/ml/classification/models","","","database, schema","","object","List all trained classification models.","RETAIL_AI_ENGINEER","Cortex AI › ML classification","P2","MISSING","served (gated)"
"Intelligent","cortex","POST","/cortex/ml/classification/predict","yes","","","MLClassificationPredictRequest","object","Generate predictions using a trained classification model.","RETAIL_AI_ENGINEER","Cortex AI › ML classification","P1","MISSING","mutation (not probed)"
"Intelligent","cortex","POST","/cortex/ml/classification/train","yes","","","MLClassificationTrainRequest","object","Train a supervised ML classification model.","RETAIL_AI_ENGINEER","Cortex AI › ML classification","P1","MISSING","mutation (not probed)"
"Intelligent","cortex","POST","/cortex/ml/document-ai/extract-to-table","yes","","","Body_api_document_extract_to_table_cortex_ml_document_ai_extract_to_table_post","object","Extract data from a document using Document AI and insert results into a target table.","RETAIL_AI_ENGINEER","Cortex AI › Document AI","P1","MISSING","mutation (not probed)"
"Intelligent","cortex","POST","/cortex/ml/document-ai/models","yes","","","DocumentAICreateRequest","object","Create a Document AI model build for extracting data from documents.","RETAIL_AI_ENGINEER","Cortex AI › Document AI","P1","MISSING","mutation (not probed)"
"Intelligent","cortex","GET","/cortex/ml/document-ai/models","","","database, schema","","object","List Document AI model builds.","RETAIL_AI_ENGINEER","Cortex AI › Document AI","P2","MISSING","served (gated)"
"Intelligent","cortex","POST","/cortex/ml/document-ai/predict","yes","","","DocumentAIPredictRequest","object","Extract structured data from a document (PDF  image) using Document AI.","RETAIL_AI_ENGINEER","Cortex AI › Document AI","P1","MISSING","mutation (not probed)"
"Intelligent","cortex","POST","/cortex/ml/document-ai/upload","yes","","","","object","Upload a PDF/image file to the Document AI stage for processing.","RETAIL_AI_ENGINEER","Cortex AI › Document AI","P1","MISSING","mutation (not probed)"
"Intelligent","cortex","POST","/cortex/ml/finetune","yes","","","FineTuneCreateRequest","object","Create a fine-tuning job to customize a base model with training data.","RETAIL_AI_ENGINEER","Cortex AI › Fine-tuning","P1","MISSING","mutation (not probed)"
"Intelligent","cortex","GET","/cortex/ml/finetune/jobs","","","","","object","List all fine-tuning jobs.","RETAIL_AI_ENGINEER","Cortex AI › Fine-tuning","P2","MISSING","served (gated)"
"Intelligent","cortex","GET","/cortex/ml/finetune/jobs/{job_id}","","","job_id*","","object","Get details of a specific fine-tuning job.","RETAIL_AI_ENGINEER","Cortex AI › Fine-tuning","P2","MISSING","served (gated)"
"Intelligent","cortex","POST","/cortex/ml/finetune/jobs/{job_id}/cancel","yes","","job_id*","","object","Cancels a running Cortex fine-tuning job.","RETAIL_AI_ENGINEER","Cortex AI › Fine-tuning","P1","MISSING","mutation (not probed)"
"Intelligent","cortex","POST","/cortex/ml/sentiment","yes","","","SentimentAnalysisRequest","StandardResponse","Analyze sentiment of text using Snowflake Cortex.","RETAIL_AI_ENGINEER","Cortex AI › ML functions","","wired","mutation (not probed)"
"Intelligent","cortex","POST","/cortex/ml/summarize","yes","","","SummarizeRequest","StandardResponse","Summarizes input text using a Snowflake Cortex LLM.","RETAIL_AI_ENGINEER","Cortex AI › ML functions","","wired","mutation (not probed)"
"Intelligent","cortex","POST","/cortex/ml/top-insights","yes","","","TopInsightsCreateRequest","object","Create a Top Insights instance for root cause / key driver analysis.","RETAIL_AI_ENGINEER","Cortex AI › Top Insights","P1","MISSING","mutation (not probed)"
"Intelligent","cortex","GET","/cortex/ml/top-insights","","","database, schema","","object","List all Top Insights instances.","RETAIL_AI_ENGINEER","Cortex AI › Top Insights","P2","MISSING","served (gated)"
"Intelligent","cortex","POST","/cortex/ml/top-insights/{name}/analyze","yes","","name*","TopInsightsAnalyzeRequest","object","Run key driver analysis to identify what dimensions are driving metric changes.","RETAIL_AI_ENGINEER","Cortex AI › Top Insights","P1","MISSING","mutation (not probed)"
"Intelligent","cortex","POST","/cortex/ml/translate","yes","","","TranslateRequest","StandardResponse","Translate text between languages using Snowflake Cortex.","RETAIL_AI_ENGINEER","Cortex AI › ML functions","","wired","mutation (not probed)"
"Intelligent","cortex","GET","/cortex/models","","","","","StandardResponse","Return every Cortex completion + embedding model + recommended defaults keyed by use case (code generation  cheap  multilingual  reasoning  ...).","BI_ANALYST","Cortex AI › Chat & models","P2","MISSING","served (gated)"
"Intelligent","cortex","POST","/cortex/query","yes","","","QueryRequest","StandardResponse","Chat with your data using Cortex Analyst.","BI_ANALYST","Cortex AI › Query console","","wired","mutation (not probed)"
"Intelligent","cortex","POST","/cortex/query-analytics/analyze","yes","","hours","","object","Analyzes recent query history using Cortex COMPLETE.","BI_ANALYST","Cortex AI › Query analytics","P1","MISSING","mutation (not probed)"
"Intelligent","cortex","GET","/cortex/query-analytics/redundant-groups","","","limit","","object","List query groups with redundant (repeated) execution patterns.","BI_ANALYST","Cortex AI › Query analytics","P2","MISSING","served (gated)"
"Intelligent","cortex","GET","/cortex/query-analytics/results","","","analysis_type, severity, limit","","object","Get latest Cortex query analysis results with optional filters.","BI_ANALYST","Cortex AI › Query analytics","P2","MISSING","served (gated)"
"Intelligent","cortex","GET","/cortex/query-analytics/summary","","","","","object","Return aggregated KPIs from the latest query analytics run.","BI_ANALYST","Cortex AI › Query analytics","P2","MISSING","served (gated)"
"Intelligent","cortex","POST","/cortex/semantic-models","yes","","","SemanticModelCreate","StandardResponse","Upload a semantic model YAML file to the centralized SEMANTIC_STAGE.","RETAIL_AI_ENGINEER","Cortex AI › Semantic models","","wired","mutation (not probed)"
"Intelligent","cortex","GET","/cortex/semantic-models/{model_name}","","","model_name*","","StandardResponse","Get semantic model YAML content from the centralized SEMANTIC_STAGE.","RETAIL_AI_ENGINEER","Cortex AI › Semantic models","","wired","served (gated)"
"Intelligent","cortex","PUT","/cortex/semantic-models/{model_name}","yes","","model_name*","SemanticModelUpdate","StandardResponse","Update an existing semantic model YAML (overwrites on stage).","RETAIL_AI_ENGINEER","Cortex AI › Semantic models","P1","MISSING","mutation (not probed)"
"Intelligent","cortex","DELETE","/cortex/semantic-models/{model_name}","yes","","model_name*","","StandardResponse","Delete a semantic model file from the centralized SEMANTIC_STAGE.","RETAIL_AI_ENGINEER","Cortex AI › Semantic models","","wired","mutation (not probed)"
"Intelligent","cortex","POST","/cortex/semantic-models/generate","yes","","","SemanticModelGenerateRequest","StandardResponse","Auto-generate a Cortex Analyst semantic model YAML from the DDL of tables in a given database and schema.","RETAIL_AI_ENGINEER","Cortex AI › Semantic models","P1","MISSING","mutation (not probed)"
"Intelligent","cortex","POST","/cortex/semantic-models/generate-and-save","yes","","","SemanticModelGenerateRequest","StandardResponse","Generate a semantic model YAML from DDL and immediately save it to SEMANTIC_STAGE.","RETAIL_AI_ENGINEER","Cortex AI › Semantic models","P1","MISSING","mutation (not probed)"
"Intelligent","cortex","GET","/cortex/semantic-models/list","","","","","StandardResponse","List all semantic model YAML files in the centralized SEMANTIC_STAGE.","RETAIL_AI_ENGINEER","Cortex AI › Semantic models","","wired","served (gated)"
"Intelligent","cortex","GET","/cortex/semantic-views","","","database","","object","List views in the specified database that can be used as semantic views.","BI_ANALYST","Cortex AI › Semantic models","P2","MISSING","served (gated)"
"Intelligent","cortex","GET","/cortex/snowpark/compute-pools","","","","","object","List all Snowpark compute pool clusters.","RETAIL_AI_ENGINEER","Cortex AI › Snowpark / SPCS compute","P2","MISSING","served (gated)"
"Intelligent","cortex","POST","/cortex/snowpark/compute-pools","yes","","","ComputePoolCreateRequest","object","Create a compute pool for container workloads (GPU/CPU).","RETAIL_AI_ENGINEER","Cortex AI › Snowpark / SPCS compute","P1","MISSING","mutation (not probed)"
"Intelligent","cortex","PATCH","/cortex/snowpark/compute-pools/{name}","yes","","name*","","object","Alters an SPCS compute pool's scaling settings (min/max nodes  auto-suspend  auto-resume) via ALTER COMPUTE POOL.","RETAIL_AI_ENGINEER","Cortex AI › Snowpark / SPCS compute","P1","MISSING","mutation (not probed)"
"Intelligent","cortex","DELETE","/cortex/snowpark/compute-pools/{name}","yes","","name*, confirm","","object","Hard-drops an SPCS compute pool (DROP COMPUTE POOL)  freeing its node-hours.","RETAIL_AI_ENGINEER","Cortex AI › Snowpark / SPCS compute","P1","MISSING","mutation (not probed)"
"Intelligent","cortex","POST","/cortex/snowpark/compute-pools/{name}/resume","yes","","name*","","object","Resumes a suspended SPCS compute pool.","RETAIL_AI_ENGINEER","Cortex AI › Snowpark / SPCS compute","P1","MISSING","mutation (not probed)"
"Intelligent","cortex","POST","/cortex/snowpark/compute-pools/{name}/suspend","yes","","name*","","object","Suspend a compute pool to stop billing.","RETAIL_AI_ENGINEER","Cortex AI › Snowpark / SPCS compute","P1","MISSING","mutation (not probed)"
"Intelligent","cortex","GET","/cortex/snowpark/endpoints/{service_name}","","","service_name*, database, schema","","object","List exposed REST endpoints for a container service.","RETAIL_AI_ENGINEER","Cortex AI › Snowpark / SPCS compute","P2","MISSING","served (gated)"
"Intelligent","cortex","GET","/cortex/snowpark/image-repos","","","database","","object","List Docker image repositories in Snowflake.","RETAIL_AI_ENGINEER","Cortex AI › Snowpark / SPCS compute","P2","MISSING","served (gated)"
"Intelligent","cortex","GET","/cortex/snowpark/services","","","compute_pool","","object","List all Snowpark container services.","RETAIL_AI_ENGINEER","Cortex AI › Snowpark / SPCS compute","P2","MISSING","served (gated)"
"Intelligent","cortex","POST","/cortex/snowpark/services","yes","","","ContainerServiceCreateRequest","object","Deploy a container service from a YAML spec into a compute pool.","RETAIL_AI_ENGINEER","Cortex AI › Snowpark / SPCS compute","P1","MISSING","mutation (not probed)"
"Intelligent","cortex","GET","/cortex/snowpark/services/{name}","","","name*, database, schema","","object","Returns a container service's full definition (spec  compute pool  instance counts  status  endpoints); 404 if it does not exist.","RETAIL_AI_ENGINEER","Cortex AI › Snowpark / SPCS compute","P2","MISSING","served (gated)"
"Intelligent","cortex","DELETE","/cortex/snowpark/services/{name}","yes","","name*, database, schema, confirm","","object","Hard-drops an SPCS container service (DROP SERVICE - irreversible  frees all its credits).","RETAIL_AI_ENGINEER","Cortex AI › Snowpark / SPCS compute","P1","MISSING","mutation (not probed)"
"Intelligent","cortex","POST","/cortex/snowpark/services/{name}/auto-stop","yes","","name*, seconds, mode, database, schema","","object","Schedules an automatic suspend (default) or drop of an SPCS service after a given number of seconds.","RETAIL_AI_ENGINEER","Cortex AI › Snowpark / SPCS compute","P1","MISSING","mutation (not probed)"
"Intelligent","cortex","GET","/cortex/snowpark/services/{name}/logs","","","name*, instance_id, container_name, num_lines","","object","Get stdout/stderr logs from a running container.","RETAIL_AI_ENGINEER","Cortex AI › Snowpark / SPCS compute","P2","MISSING","served (gated)"
"Intelligent","cortex","POST","/cortex/snowpark/services/{name}/resume","yes","","name*, database, schema","","object","Resumes a suspended SPCS service  bringing its instances back online (ALTER SERVICE ... RESUME).","RETAIL_AI_ENGINEER","Cortex AI › Snowpark / SPCS compute","P1","MISSING","mutation (not probed)"
"Intelligent","cortex","GET","/cortex/snowpark/services/{name}/status","","","name*, database, schema","","object","Get running containers  endpoints  and health for a service.","RETAIL_AI_ENGINEER","Cortex AI › Snowpark / SPCS compute","P2","MISSING","served (gated)"
"Intelligent","cortex","POST","/cortex/snowpark/services/{name}/suspend","yes","","name*, database, schema","","object","Suspends an SPCS service so its instances scale to zero and billing stops (ALTER SERVICE ... SUSPEND).","RETAIL_AI_ENGINEER","Cortex AI › Snowpark / SPCS compute","P1","MISSING","mutation (not probed)"
"Intelligent","cortex","GET","/cortex/snowpark/streamlit","","","database","","object","List all Streamlit apps deployed in Snowflake.","RETAIL_AI_ENGINEER","Cortex AI › Snowpark / SPCS compute","P2","MISSING","served (gated)"
"Intelligent","cortex","POST","/cortex/snowpark/streamlit","yes","","","StreamlitCreateRequest","object","Deploy a Streamlit app in Snowflake.","RETAIL_AI_ENGINEER","Cortex AI › Snowpark / SPCS compute","P1","MISSING","mutation (not probed)"
"Intelligent","cortex","POST","/cortex/synthesize-rows","yes","","","_SynthesizeRowsRequest","StandardResponse","Uses Cortex to fabricate up to 1000 realistic synthetic rows matching a target table schema.","RETAIL_AI_ENGINEER","Cortex AI › AI assistant","P1","MISSING","mutation (not probed)"
"Intelligent","cortex","GET","/cortex/vectors/columns","","","database","","object","List all columns with VECTOR data type in the specified database.","RETAIL_AI_ENGINEER","Cortex AI › Embeddings & vectors","P2","MISSING","served (gated)"
"notifications","notifications","GET","/notifications","","","unread_only, kind, project_id, page, page_size","","object","List current user's notifications","any","Notifications","P2","MISSING","served (gated)"
"notifications","notifications","PATCH","/notifications/{notification_id}/read","yes","","notification_id*","","object","Mark a single notification as read","any","Notifications › Read","P1","MISSING","mutation (not probed)"
"notifications","notifications","POST","/notifications/broadcast","yes","","","BroadcastRequest","object","Publish a notification — fan-out happens server-side","ACCOUNTADMIN","Notifications › Broadcast","P1","MISSING","mutation (not probed)"
"notifications","notifications","POST","/notifications/mark-all-read","yes","","","","object","Mark every unread notification as read","any","Notifications › Mark All Read","P1","MISSING","mutation (not probed)"
"notifications","notifications","GET","/notifications/unread-count","","","","","object","Cheap unread counter for the bell badge","any","Notifications › Unread Count","P2","MISSING","served (gated)"
"Observability","observability","GET","/observability/activity/summary","","","days","","object","Activity summary","RETAIL_DATA_ENGINEER","Observability › Activity Summary","P2","MISSING","served (gated)"
"Observability","observability","GET","/observability/alerts","","","days","","object","Threshold breach alerts — failed queries  slow queries  task failures  credit spikes","RETAIL_DATA_ENGINEER","Observability › Alerts","P2","MISSING","served (gated)"
"Observability","observability","POST","/observability/alerts/{alert_id}/ack","yes","","alert_id*","","object","Acknowledge an alert","RETAIL_DATA_ENGINEER","Observability › Alerts Ack","P1","MISSING","mutation (not probed)"
"Observability","observability","GET","/observability/alerts/cross-module","","","","","object","Cross-Module Alerts","RETAIL_DATA_ENGINEER","Observability › Alerts Cross Module","P2","MISSING","served (gated)"
"Observability","observability","GET","/observability/budgets","","","","","object","List stored spend budgets (FinOps)","ACCOUNTADMIN","Observability › Budgets","P2","MISSING","served (gated)"
"Observability","observability","POST","/observability/budgets","yes","","","SpendBudgetCreate","object","Create a spend budget (FinOps)","ACCOUNTADMIN","Observability › Budgets","P1","MISSING","mutation (not probed)"
"Observability","observability","PUT","/observability/budgets/{name}","yes","","name*","SpendBudgetCreate","object","Update a spend budget (FinOps)","ACCOUNTADMIN","Observability › Budgets","P1","MISSING","mutation (not probed)"
"Observability","observability","DELETE","/observability/budgets/{name}","yes","","name*, confirm","","object","Delete a spend budget (FinOps  destructive)","ACCOUNTADMIN","Observability › Budgets","P1","MISSING","mutation (not probed)"
"Observability","observability","GET","/observability/compliance/gdpr","","","","","object","GDPR compliance report","RETAIL_DATA_ENGINEER","Observability › Compliance Gdpr","P2","MISSING","served (gated)"
"Observability","observability","GET","/observability/compliance/soc2","","","","","object","SOC2 compliance report","RETAIL_DATA_ENGINEER","Observability › Compliance Soc2","P2","MISSING","served (gated)"
"Observability","observability","GET","/observability/cost/daily-credits","","","days","","object","Daily credit usage","ACCOUNTADMIN","Observability › Cost Daily Credits","P2","MISSING","served (gated)"
"Observability","observability","GET","/observability/cost/monitors","","","","","object","List resource monitors (FinOps)","ACCOUNTADMIN","Observability › Cost Monitors","P2","MISSING","served (gated)"
"Observability","observability","POST","/observability/cost/monitors","yes","","","ResourceMonitorCreate","object","Create a resource monitor (FinOps)","ACCOUNTADMIN","Observability › Cost Monitors","P1","MISSING","mutation (not probed)"
"Observability","observability","GET","/observability/cost/monitors/{name}","","","name*","","object","Get a resource monitor (FinOps)","ACCOUNTADMIN","Observability › Cost Monitors","P2","MISSING","served (gated)"
"Observability","observability","PUT","/observability/cost/monitors/{name}","yes","","name*","ResourceMonitorUpdate","object","Update a resource monitor (FinOps)","ACCOUNTADMIN","Observability › Cost Monitors","P1","MISSING","mutation (not probed)"
"Observability","observability","DELETE","/observability/cost/monitors/{name}","yes","","name*, confirm","","object","Delete a resource monitor (FinOps  destructive)","ACCOUNTADMIN","Observability › Cost Monitors","P1","MISSING","mutation (not probed)"
"Observability","observability","POST","/observability/cost/monitors/{name}/assign","yes","","name*","WarehouseAssignRequest","object","Assign a warehouse to a resource monitor (FinOps)","ACCOUNTADMIN","Observability › Cost Monitors","P1","MISSING","mutation (not probed)"
"Observability","observability","GET","/observability/cost/storage","","","","","object","Storage costs","ACCOUNTADMIN","Observability › Cost Storage","P2","MISSING","served (gated)"
"Observability","observability","GET","/observability/cost/warehouse-usage","","","days","","object","Warehouse cost usage","ACCOUNTADMIN","Observability › Cost Warehouse Usage","P2","MISSING","served (gated)"
"Observability","observability","GET","/observability/dashboard","","","","","object","Observability dashboard","RETAIL_DATA_ENGINEER","Observability › Dashboard","P2","MISSING","served (gated)"
"Observability","observability","GET","/observability/dependencies","","","object_name, object_domain, direction","","object","Get object dependencies","RETAIL_DATA_ENGINEER","Observability › Dependencies","P2","MISSING","served (gated)"
"Observability","observability","GET","/observability/dependencies/graph","","","database, schema","","object","Get dependency graph","RETAIL_DATA_ENGINEER","Observability › Dependencies Graph","P2","MISSING","served (gated)"
"Observability","observability","GET","/observability/health","","","","","object","Observability health check","RETAIL_DATA_ENGINEER","Observability › Health","P2","MISSING","served (gated)"
"Observability","observability","GET","/observability/intelligent-kpis","","","","","object","Observability KPIs (legacy alias)","RETAIL_DATA_ENGINEER","Observability › Intelligent Kpis","P2","MISSING","served (gated)"
"Observability","observability","GET","/observability/kpis","","","","","object","Observability KPIs","RETAIL_DATA_ENGINEER","Observability › KPIs","P2","MISSING","served (gated)"
"Observability","observability","GET","/observability/lineage","","","database, schema, table, days, page, page_size","","object","Data lineage","RETAIL_DATA_ENGINEER","Observability › Lineage","P2","MISSING","served (gated)"
"Observability","observability","GET","/observability/lineage/access-patterns","","","days","","object","Access pattern analysis","RETAIL_DATA_ENGINEER","Observability › Lineage Access Patterns","P2","MISSING","served (gated)"
"Observability","observability","GET","/observability/lineage/cross-module","","","days, database","","object","Cross-module lineage explorer","RETAIL_DATA_ENGINEER","Observability › Lineage Cross Module","P2","MISSING","served (gated)"
"Observability","observability","GET","/observability/lineage/with-tasks","","","database, days","","object","Intelligent lineage with tasks","RETAIL_DATA_ENGINEER","Observability › Lineage With Tasks","P2","MISSING","served (gated)"
"Observability","observability","GET","/observability/performance/metrics","","","days","","object","Performance metrics","RETAIL_DATA_ENGINEER","Observability › Performance Metrics","P2","MISSING","served (gated)"
"Observability","observability","GET","/observability/performance/slow-queries","","","days, threshold_seconds","","object","Slow queries","RETAIL_DATA_ENGINEER","Observability › Performance Slow Queries","P2","MISSING","served (gated)"
"Observability","observability","POST","/observability/probes/batch-check","yes","","","","object","Batch check data freshness for multiple tables","RETAIL_DATA_ENGINEER","Observability › Probes Batch Check","P1","MISSING","mutation (not probed)"
"Observability","observability","GET","/observability/probes/changes","","","table*, since*","","object","Detect changes since timestamp","RETAIL_DATA_ENGINEER","Observability › Probes Changes","P2","MISSING","served (gated)"
"Observability","observability","GET","/observability/probes/platform","","","","","object","Probe all Data360 metadata tables","RETAIL_DATA_ENGINEER","Observability › Probes Platform","P2","MISSING","served (gated)"
"Observability","observability","GET","/observability/probes/schema","","","database*, schema*","","object","Probe all tables in a schema","RETAIL_DATA_ENGINEER","Observability › Probes Schema","P2","MISSING","served (gated)"
"Observability","observability","GET","/observability/probes/table","","","table*","","object","Probe table freshness using row timestamps","RETAIL_DATA_ENGINEER","Observability › Probes Table","P2","MISSING","served (gated)"
"Observability","observability","GET","/observability/security/posture","","","","","object","Security posture","RETAIL_DATA_ENGINEER","Observability › Security Posture","P2","MISSING","served (gated)"
"Observability","observability","GET","/observability/sensors/all","","","days","","object","Batch sensor check — all modules in one call","RETAIL_DATA_ENGINEER","Observability › Sensors All","P2","MISSING","served (gated)"
"Observability","observability","POST","/observability/slo","yes","","","UserSLOCreate","object","Define a user SLO","RETAIL_DATA_ENGINEER","Observability › SLOs","P1","MISSING","mutation (not probed)"
"Observability","observability","GET","/observability/slo-tracking","","","days","","object","SLO compliance — query success rate  P95 latency  task success rate","RETAIL_DATA_ENGINEER","Observability › Slo Tracking","P2","MISSING","served (gated)"
"Observability","observability","GET","/observability/tasks/importable","","","state","","object","List importable tasks","RETAIL_DATA_ENGINEER","Observability › Tasks Importable","P2","MISSING","served (gated)"
"Observability","observability","GET","/observability/trust-center/findings","","","","","object","Trust Center findings","RETAIL_DATA_ENGINEER","Observability › Trust Center Findings","P2","MISSING","served (gated)"
"Observability","observability","GET","/observability/trust-center/summary","","","","","object","Trust Center summary","RETAIL_DATA_ENGINEER","Observability › Trust Center Summary","P2","MISSING","served (gated)"
"Platform","api","GET","/api/administration/entitlements","","","","","object","Per-account addon enablement matrix (by module)","ACCOUNTADMIN","Administration › Entitlements","P2","MISSING","served (gated)"
"Platform","api","PUT","/api/administration/entitlements/{module}/{feature_key}","yes","","module*, feature_key*","EntitlementBody","object","Enable/disable/configure one addon for this account","ACCOUNTADMIN","Administration › Entitlements","P1","MISSING","mutation (not probed)"
"Platform","api","GET","/api/administration/governance-posture","","","","","object","Per-module rollup: enabled features  granted roles","ACCOUNTADMIN","Administration › Governance Posture","P2","MISSING","served (gated)"
"Platform","api","GET","/api/administration/overview","","","","","object","Administration landing aggregate","ACCOUNTADMIN","Administration › Overview","P2","MISSING","served (gated)"
"Platform","api","GET","/api/data360/cache-config","","","","","object","Get cache config (TTL per zone/usage)","ACCOUNTADMIN","Administration › Cache Config","P2","MISSING","served (gated)"
"Platform","api","PATCH","/api/data360/cache-config","yes","","","CacheConfigOverrideRequest","object","Update cache config","ACCOUNTADMIN","Administration › Cache Config","P1","MISSING","mutation (not probed)"
"Platform","api","GET","/api/data360/cache-entries","","","","","object","Inventory of currently-cached entries (admin 'what's cached' view)","ACCOUNTADMIN","Administration › Cache Entries","P2","MISSING","served (gated)"
"Platform","api","GET","/api/data360/config","","","","","object","Config metadata et cache","ACCOUNTADMIN","Administration › Config","P2","MISSING","served (gated)"
"Platform","api","GET","/api/data360/platform-config","","","category","","object","List all platform configs","ACCOUNTADMIN","Administration › Platform Config","P2","MISSING","served (gated)"
"Platform","api","GET","/api/data360/platform-config/{key}","","","key*","","object","Get single config entry","ACCOUNTADMIN","Administration › Platform Config","P2","MISSING","served (gated)"
"Platform","api","PUT","/api/data360/platform-config/{key}","yes","","key*","ConfigUpdateRequest","object","Update config value","ACCOUNTADMIN","Administration › Platform Config","P1","MISSING","mutation (not probed)"
"Platform","api","POST","/api/data360/platform-config/reset","yes","","","ConfigResetRequest","object","Reset configs to defaults","ACCOUNTADMIN","Administration › Platform Config Reset","P1","MISSING","mutation (not probed)"
"Platform","api","GET","/api/data360/table-refresh-mapping","","","database","","object","List table-refresh mapping (metadata tables  date columns  last_refresh)","ACCOUNTADMIN","Administration › Table Refresh","P2","MISSING","served (gated)"
"Platform","api","POST","/api/data360/table-refresh-mapping/refresh","yes","","","RefreshTriggerRequest","object","Trigger table refresh","ACCOUNTADMIN","Administration › Table Refresh","P1","MISSING","mutation (not probed)"
"Platform","api","POST","/api/data360/track","yes","","","TrackEventsRequest","object","Frontend event tracking (batched)","any","Administration › Track","P1","MISSING","mutation (not probed)"
"Platform","api","GET","/api/platform/access-simulator","","","role*, page, tab, module, action_key, policy_type, policy_action","","object","What would <role> see on <page>/<tab> with action <action_key>?","ACCOUNTADMIN","Administration › Access Simulator","P2","MISSING","served (gated)"
"Platform","api","POST","/api/platform/cache/install","yes","","","","object","Create EVENT_STORE.{PLATFORM_EVENTS MODULE_GRANTS USER_REQUESTS}","ACCOUNTADMIN","Administration › Cache Install","P1","MISSING","mutation (not probed)"
"Platform","api","GET","/api/platform/grants","","","role, page, module, include_revoked, account_id","","object","List module grants on this account","ACCOUNTADMIN","Administration › Grants","P2","MISSING","served (gated)"
"Platform","api","POST","/api/platform/grants","yes","","","GrantBody","object","Grant a role access to a (page  module[  tab])","ACCOUNTADMIN","Administration › Grants","P1","MISSING","mutation (not probed)"
"Platform","api","DELETE","/api/platform/grants","yes","","","RevokeBody","object","Revoke an active grant","ACCOUNTADMIN","Administration › Grants","P1","MISSING","mutation (not probed)"
"Platform","api","GET","/api/platform/grants/actions","","","role, action_key, module, include_revoked","","object","List action grants (FE button visibility)","ACCOUNTADMIN","Administration › Grants Actions","P2","MISSING","served (gated)"
"Platform","api","POST","/api/platform/grants/actions","yes","","","ActionGrantBody","object","Grant an action to a role","ACCOUNTADMIN","Administration › Grants Actions","P1","MISSING","mutation (not probed)"
"Platform","api","GET","/api/platform/grants/data-scope","","","role, module","","object","List data-scope grants","ACCOUNTADMIN","Administration › Grants Data Scope","P2","MISSING","served (gated)"
"Platform","api","POST","/api/platform/grants/data-scope","yes","","","DataScopeBody","object","Grant a role a data scope","ACCOUNTADMIN","Administration › Grants Data Scope","P1","MISSING","mutation (not probed)"
"Platform","api","GET","/api/platform/grants/policies","","","role, policy_type, include_revoked","","object","List policy grants","ACCOUNTADMIN","Administration › Grants Policies","P2","MISSING","served (gated)"
"Platform","api","POST","/api/platform/grants/policies","yes","","","PolicyGrantBody","object","Grant policy permissions to a role","ACCOUNTADMIN","Administration › Grants Policies","P1","MISSING","mutation (not probed)"
"Platform","api","GET","/api/platform/grants/role/{role}","","","role*","","object","Which pages/modules can THIS role see?","ACCOUNTADMIN","Administration › Grants Role","P2","MISSING","served (gated)"
"Platform","api","GET","/api/platform/grants/roles","","","role, include_revoked","","object","List role capability rows","ACCOUNTADMIN","Administration › Grants Roles","P2","MISSING","served (gated)"
"Platform","api","POST","/api/platform/grants/roles","yes","","","RoleGrantBody","object","Set role-capability flags","ACCOUNTADMIN","Administration › Grants Roles","P1","MISSING","mutation (not probed)"
"Platform","api","GET","/api/platform/grants/users","","","username, include_revoked","","object","List user-role bindings","ACCOUNTADMIN","Administration › Grants Users","P2","MISSING","served (gated)"
"Platform","api","POST","/api/platform/grants/users","yes","","","UserGrantBody","object","Bind a user to a role","ACCOUNTADMIN","Administration › Grants Users","P1","MISSING","mutation (not probed)"
"Platform","api","DELETE","/api/platform/grants/users","yes","","","UserGrantBody","object","Revoke a user-role binding","ACCOUNTADMIN","Administration › Grants Users","P1","MISSING","mutation (not probed)"
"Platform","api","GET","/api/platform/me/grants","","","","","object","Effective grant bundle for the calling user (FE bootstrap)","ACCOUNTADMIN","Administration › Me Grants","P2","MISSING","served (gated)"
"Platform","api","GET","/api/platform/object-permission-matrix","","","users, database","","object","Users × Snowflake data-object × privilege grid (composed from SHOW GRANTS)","ACCOUNTADMIN","Administration › Object Permission Matrix","P2","MISSING","served (gated)"
"Platform","api","GET","/api/platform/permission-matrix","","","users, axis","","object","Users × axis (module|page|tab) effective-access matrix (configured  not enforced)","ACCOUNTADMIN","Administration › Permission Matrix","P2","MISSING","served (gated)"
"Platform","api","GET","/api/platform/users/{username}/effective-grants","","","username*","","object","Effective grant bundle for an ARBITRARY user (me/grants shape + roles)","ACCOUNTADMIN","Administration › Users Effective Grants","P2","MISSING","served (gated)"
"Platform","api","GET","/api/platform/users/{username}/object-grants","","","username*, database","","object","Snowflake-native data-object grants for a user (database→schema→table→column)","ACCOUNTADMIN","Administration › Users Object Grants","P2","MISSING","served (gated)"
"Platform","api","GET","/api/recommendations/","","","page, module, scope, target, statuses, severities, account_id, limit, offset","","object","List stored active recommendations","any","Recommendations","P2","MISSING","served (gated)"
"Platform","api","GET","/api/recommendations/{reco_id}","","","reco_id*","","object","Get one reco by id","any","Recommendations","P2","MISSING","served (gated)"
"Platform","api","POST","/api/recommendations/{reco_id}/acknowledge","yes","","reco_id*","AcknowledgeBody","object","Mark a reco as acknowledged","any","Recommendations › Acknowledge","P1","MISSING","mutation (not probed)"
"Platform","api","POST","/api/recommendations/{reco_id}/apply","yes","","reco_id*","","object","Apply a recommendation's remediation (mark-applied + return its SQL)","any","Recommendations › Apply","P1","MISSING","mutation (not probed)"
"Platform","api","POST","/api/recommendations/{reco_id}/dismiss","yes","","reco_id*","DismissBody","object","Dismiss a reco (false-positive / N/A)","any","Recommendations › Dismiss","P1","MISSING","mutation (not probed)"
"Platform","api","POST","/api/recommendations/{reco_id}/reopen","yes","","reco_id*","ReopenBody","object","Reopen a resolved/dismissed reco","any","Recommendations › Reopen","P1","MISSING","mutation (not probed)"
"Platform","api","POST","/api/recommendations/{reco_id}/resolve","yes","","reco_id*","ResolveBody","object","Mark a reco as resolved","any","Recommendations › Resolve","P1","MISSING","mutation (not probed)"
"Platform","api","POST","/api/recommendations/{reco_id}/snooze","yes","","reco_id*","SnoozeBody","object","Snooze a reco until a future date","any","Recommendations › Snooze","P1","MISSING","mutation (not probed)"
"Platform","api","POST","/api/recommendations/analyze","yes","","","AnalyzeBody","object","Recompute + upsert + return recos for a scope","any","Recommendations › Analyze","P1","MISSING","mutation (not probed)"
"Platform","api","POST","/api/recommendations/cache/install","yes","","","","object","Create EVENT_STORE.AI_RECOMMENDATIONS (idempotent)","ACCOUNTADMIN","Recommendations › Cache Install","P1","MISSING","mutation (not probed)"
"Platform","api","GET","/api/recommendations/capabilities","","","","","object","Recommendations module capability hint (UX gating)","any","Recommendations › Capabilities","P2","MISSING","served (gated)"
"Platform","api","GET","/api/recommendations/glossary","","","scope, page, module","","object","Inspect the registered glossary (signals → actions)","any","Recommendations › Glossary","P2","MISSING","served (open)"
"Platform","api","GET","/api/refresh-state","","","","","object","Last refresh timestamp per zone","ACCOUNTADMIN","Administration","P2","MISSING","served (gated)"
"Platform","api","GET","/api/snowflake/explorer/audit-views","","","","","object","Predefined audit categories with live counts","RETAIL_DATA_ENGINEER","Objects Explorer › Audit Views","P2","MISSING","served (gated)"
"Platform","api","POST","/api/snowflake/explorer/cache/install","yes","","warehouse, database","","object","Create/refresh the DATA360 cache tables (idempotent)","ACCOUNTADMIN","Objects Explorer › Cache Install","P1","MISSING","mutation (not probed)"
"Platform","api","GET","/api/snowflake/explorer/databases","","","account_id, database, schema, object_type, object_family, search, owner_role, created_from, created_to, altered_from, altered_to, last_queried_from, last_queried_to, has_tags, has_policies, has_masking_policy, has_row_access_policy, has_lineage, has_usage, is_sensitive, freshness_status, health_status, risk_level, min_rows, max_rows, min_bytes, max_bytes, include_deleted, include_temporary, include_transient, include_system, sort_by, sort_dir, page, page_size, range","","object","Database inventory","RETAIL_DATA_ENGINEER","Objects Explorer › Databases","P2","MISSING","served (gated)"
"Platform","api","GET","/api/snowflake/explorer/databases/{database}/audit","","","database*, account_id, search, last_queried_from, last_queried_to, sort_by, sort_dir, page, page_size","","object","Audit events for all objects in a database","RETAIL_DATA_ENGINEER","Objects Explorer › Databases Audit","P2","MISSING","served (gated)"
"Platform","api","GET","/api/snowflake/explorer/databases/{database}/governance","","","database*","","object","Database-level governance rollup","RETAIL_DATA_ENGINEER","Objects Explorer › Databases Governance","P2","MISSING","served (gated)"
"Platform","api","GET","/api/snowflake/explorer/databases/{database}/lineage","","","database*, direction, depth","","object","Database-level lineage graph","RETAIL_DATA_ENGINEER","Objects Explorer › Databases Lineage","P2","MISSING","served (gated)"
"Platform","api","GET","/api/snowflake/explorer/facets","","","account_id, database, schema, object_type, object_family, search, owner_role, created_from, created_to, altered_from, altered_to, last_queried_from, last_queried_to, has_tags, has_policies, has_masking_policy, has_row_access_policy, has_lineage, has_usage, is_sensitive, freshness_status, health_status, risk_level, min_rows, max_rows, min_bytes, max_bytes, include_deleted, include_temporary, include_transient, include_system, sort_by, sort_dir, page, page_size, range","","object","Available filter values","RETAIL_DATA_ENGINEER","Objects Explorer › Facets","P2","MISSING","served (gated)"
"Platform","api","GET","/api/snowflake/explorer/objects","","","account_id, database, schema, object_type, object_family, search, owner_role, created_from, created_to, altered_from, altered_to, last_queried_from, last_queried_to, has_tags, has_policies, has_masking_policy, has_row_access_policy, has_lineage, has_usage, is_sensitive, freshness_status, health_status, risk_level, min_rows, max_rows, min_bytes, max_bytes, include_deleted, include_temporary, include_transient, include_system, sort_by, sort_dir, page, page_size, range","","object","Main object table","RETAIL_DATA_ENGINEER","Objects Explorer › Objects","P2","MISSING","served (gated)"
"Platform","api","GET","/api/snowflake/explorer/objects/{object_id}","","","object_id*","","object","Object detail (drawer summary)","RETAIL_DATA_ENGINEER","Objects Explorer › Objects","P2","MISSING","served (gated)"
"Platform","api","GET","/api/snowflake/explorer/objects/{object_id}/actions","","","object_id*","","object","Catalog actions (right-rail affordances for this object)","RETAIL_DATA_ENGINEER","Objects Explorer › Objects Actions","P2","MISSING","served (gated)"
"Platform","api","GET","/api/snowflake/explorer/objects/{object_id}/audit","","","object_id*, account_id, database, schema, object_type, object_family, search, owner_role, created_from, created_to, altered_from, altered_to, last_queried_from, last_queried_to, has_tags, has_policies, has_masking_policy, has_row_access_policy, has_lineage, has_usage, is_sensitive, freshness_status, health_status, risk_level, min_rows, max_rows, min_bytes, max_bytes, include_deleted, include_temporary, include_transient, include_system, sort_by, sort_dir, page, page_size, range","","object","Audit events for an object","RETAIL_DATA_ENGINEER","Objects Explorer › Objects Audit","P2","MISSING","served (gated)"
"Platform","api","GET","/api/snowflake/explorer/objects/{object_id}/columns","","","object_id*, account_id, database, schema, object_type, object_family, search, owner_role, created_from, created_to, altered_from, altered_to, last_queried_from, last_queried_to, has_tags, has_policies, has_masking_policy, has_row_access_policy, has_lineage, has_usage, is_sensitive, freshness_status, health_status, risk_level, min_rows, max_rows, min_bytes, max_bytes, include_deleted, include_temporary, include_transient, include_system, sort_by, sort_dir, page, page_size, range","","object","Object columns","RETAIL_DATA_ENGINEER","Objects Explorer › Objects Columns","P2","MISSING","served (gated)"
"Platform","api","GET","/api/snowflake/explorer/objects/{object_id}/ddl","","","object_id*","","object","GET_DDL for the object","RETAIL_DATA_ENGINEER","Objects Explorer › Objects Ddl","P2","MISSING","served (gated)"
"Platform","api","GET","/api/snowflake/explorer/objects/{object_id}/deep-dive","","","object_id*, include_profile, sample_size, include_dependencies","","object","Catalog deep-dive (object → product → project → dependencies)","RETAIL_DATA_ENGINEER","Objects Explorer › Objects Deep Dive","P2","MISSING","served (gated)"
"Platform","api","GET","/api/snowflake/explorer/objects/{object_id}/governance","","","object_id*","","object","Tags + policies coverage for an object","RETAIL_DATA_ENGINEER","Objects Explorer › Objects Governance","P2","MISSING","served (gated)"
"Platform","api","GET","/api/snowflake/explorer/objects/{object_id}/health","","","object_id*","","object","Object health checks","RETAIL_DATA_ENGINEER","Objects Explorer › Objects Health","P2","MISSING","served (gated)"
"Platform","api","GET","/api/snowflake/explorer/objects/{object_id}/impact","","","object_id*","","object","Object impact analysis","RETAIL_DATA_ENGINEER","Objects Explorer › Objects Impact","P2","MISSING","served (gated)"
"Platform","api","GET","/api/snowflake/explorer/objects/{object_id}/lineage","","","object_id*, direction, depth","","object","Object lineage (upstream/downstream)","RETAIL_DATA_ENGINEER","Objects Explorer › Objects Lineage","P2","MISSING","served (gated)"
"Platform","api","GET","/api/snowflake/explorer/objects/{object_id}/open-in-snowflake","","","object_id*, account_url","","object","Build a Snowsight deep-link for the object","RETAIL_DATA_ENGINEER","Objects Explorer › Objects Open In Snowflake","P2","MISSING","served (gated)"
"Platform","api","GET","/api/snowflake/explorer/objects/{object_id}/quality","","","object_id*","","object","Data quality checks for an object","RETAIL_DATA_ENGINEER","Objects Explorer › Objects Quality","P2","MISSING","served (gated)"
"Platform","api","GET","/api/snowflake/explorer/objects/{object_id}/timeline","","","object_id*, limit","","object","Unified event timeline for an object","RETAIL_DATA_ENGINEER","Objects Explorer › Objects Timeline","P2","MISSING","served (gated)"
"Platform","api","GET","/api/snowflake/explorer/objects/{object_id}/usage","","","object_id*, period, group_by","","object","Object usage summary + time series","RETAIL_DATA_ENGINEER","Objects Explorer › Objects Usage","P2","MISSING","served (gated)"
"Platform","api","POST","/api/snowflake/explorer/objects/bulk-action","yes","","","BulkActionBody","object","Apply a bulk action across selected objects (dry-run default)","RETAIL_DATA_ENGINEER","Objects Explorer › Objects Bulk Action","P1","MISSING","mutation (not probed)"
"Platform","api","GET","/api/snowflake/explorer/objects/export","","","account_id, database, schema, object_type, object_family, search, owner_role, created_from, created_to, altered_from, altered_to, last_queried_from, last_queried_to, has_tags, has_policies, has_masking_policy, has_row_access_policy, has_lineage, has_usage, is_sensitive, freshness_status, health_status, risk_level, min_rows, max_rows, min_bytes, max_bytes, include_deleted, include_temporary, include_transient, include_system, sort_by, sort_dir, page, page_size, range","","object","Stream the current /objects result as CSV","RETAIL_DATA_ENGINEER","Objects Explorer › Objects Export","P2","MISSING","not-probed"
"Platform","api","GET","/api/snowflake/explorer/recent-activity","","","account_id, database, schema, object_type, object_family, search, owner_role, created_from, created_to, altered_from, altered_to, last_queried_from, last_queried_to, has_tags, has_policies, has_masking_policy, has_row_access_policy, has_lineage, has_usage, is_sensitive, freshness_status, health_status, risk_level, min_rows, max_rows, min_bytes, max_bytes, include_deleted, include_temporary, include_transient, include_system, sort_by, sort_dir, page, page_size, range","","object","Account-wide unified activity feed (paginated)","RETAIL_DATA_ENGINEER","Objects Explorer › Recent Activity","P2","MISSING","served (gated)"
"Platform","api","GET","/api/snowflake/explorer/recent-activity/export","","","account_id, database, schema, object_type, object_family, search, owner_role, created_from, created_to, altered_from, altered_to, last_queried_from, last_queried_to, has_tags, has_policies, has_masking_policy, has_row_access_policy, has_lineage, has_usage, is_sensitive, freshness_status, health_status, risk_level, min_rows, max_rows, min_bytes, max_bytes, include_deleted, include_temporary, include_transient, include_system, sort_by, sort_dir, page, page_size, range","","object","Stream the recent-activity feed as CSV","RETAIL_DATA_ENGINEER","Objects Explorer › Recent Activity Export","P2","MISSING","not-probed"
"Platform","api","GET","/api/snowflake/explorer/schemas","","","account_id, database, schema, object_type, object_family, search, owner_role, created_from, created_to, altered_from, altered_to, last_queried_from, last_queried_to, has_tags, has_policies, has_masking_policy, has_row_access_policy, has_lineage, has_usage, is_sensitive, freshness_status, health_status, risk_level, min_rows, max_rows, min_bytes, max_bytes, include_deleted, include_temporary, include_transient, include_system, sort_by, sort_dir, page, page_size, range","","object","Schema inventory","RETAIL_DATA_ENGINEER","Objects Explorer › Schemas","P2","MISSING","served (gated)"
"Platform","api","GET","/api/snowflake/explorer/schemas/{database}/{schema}/audit","","","database*, schema*, account_id, search, last_queried_from, last_queried_to, sort_by, sort_dir, page, page_size","","object","Audit events for all objects in a schema","RETAIL_DATA_ENGINEER","Objects Explorer › Schemas Audit","P2","MISSING","served (gated)"
"Platform","api","GET","/api/snowflake/explorer/schemas/{database}/{schema}/governance","","","database*, schema*","","object","Schema-level governance rollup","RETAIL_DATA_ENGINEER","Objects Explorer › Schemas Governance","P2","MISSING","served (gated)"
"Platform","api","GET","/api/snowflake/explorer/schemas/{database}/{schema}/lineage","","","database*, schema*, direction, depth","","object","Schema-level lineage graph","RETAIL_DATA_ENGINEER","Objects Explorer › Schemas Lineage","P2","MISSING","served (gated)"
"Platform","api","GET","/api/snowflake/explorer/scoring/definitions","","","","","object","Health/risk/governance scoring formulas","RETAIL_DATA_ENGINEER","Objects Explorer › Scoring Definitions","P2","MISSING","served (gated)"
"Platform","api","POST","/api/snowflake/explorer/selection-review","yes","","","SelectionReviewBody","object","Aggregator across a set of selected object_ids","RETAIL_DATA_ENGINEER","Objects Explorer › Selection Review","P1","MISSING","mutation (not probed)"
"Platform","api","GET","/api/snowflake/explorer/summary","","","account_id, database, schema","","object","Global summary cards","RETAIL_DATA_ENGINEER","Objects Explorer › Summary","P2","MISSING","served (gated)"
"Platform","api","POST","/api/snowflake/explorer/sync","yes","","","SyncRequest","object","Trigger a metadata refresh","RETAIL_DATA_ENGINEER","Objects Explorer › Sync","P1","MISSING","mutation (not probed)"
"Platform","api","GET","/api/snowflake/explorer/sync/{sync_id}","","","sync_id*","","object","Single sync run status","RETAIL_DATA_ENGINEER","Objects Explorer › Sync","P2","MISSING","served (gated)"
"Platform","api","GET","/api/snowflake/explorer/sync/history","","","limit, offset","","object","Past sync runs (newest first)","RETAIL_DATA_ENGINEER","Objects Explorer › Sync History","P2","MISSING","served (gated)"
"Platform","api","GET","/api/snowflake/explorer/sync/status","","","account_id, database, schema","","object","Latest sync status","RETAIL_DATA_ENGINEER","Objects Explorer › Sync Status","P2","MISSING","served (gated)"
"Platform","api","GET","/api/snowflake/explorer/tree","","","account_id, database, schema, object_type, object_family, search, owner_role, created_from, created_to, altered_from, altered_to, last_queried_from, last_queried_to, has_tags, has_policies, has_masking_policy, has_row_access_policy, has_lineage, has_usage, is_sensitive, freshness_status, health_status, risk_level, min_rows, max_rows, min_bytes, max_bytes, include_deleted, include_temporary, include_transient, include_system, sort_by, sort_dir, page, page_size, range","","object","Database/schema tree","RETAIL_DATA_ENGINEER","Objects Explorer › Tree","P2","MISSING","served (gated)"
"Platform","api","POST","/api/workspace/cache/install","yes","","","","object","Create EVENT_STORE.USER_* tables (idempotent)","ACCOUNTADMIN","User Workspace › Cache Install","P1","MISSING","mutation (not probed)"
"Platform","api","GET","/api/workspace/investigation-modes","","","","","object","Static catalog of pre-built filter presets","any","User Workspace › Investigation Modes","P2","MISSING","served (open)"
"Platform","api","GET","/api/workspace/recently-opened","","","limit","","object","List recently-opened objects (current user)","any","User Workspace › Recently Opened","P2","MISSING","served (gated)"
"Platform","api","GET","/api/workspace/saved-views","","","page, include_shared, limit, offset","","object","List the current user's saved filter snapshots","any","User Workspace › Saved Views","P2","MISSING","served (gated)"
"Platform","api","POST","/api/workspace/saved-views","yes","","","CreateSavedViewBody","object","Create a saved view","any","User Workspace › Saved Views","P1","MISSING","mutation (not probed)"
"Platform","api","PATCH","/api/workspace/saved-views/{view_id}","yes","","view_id*","UpdateSavedViewBody","object","Update a saved view","any","User Workspace › Saved Views","P1","MISSING","mutation (not probed)"
"Platform","api","DELETE","/api/workspace/saved-views/{view_id}","yes","","view_id*","","object","Delete a saved view","any","User Workspace › Saved Views","P1","MISSING","mutation (not probed)"
"Platform","api","POST","/api/workspace/touch","yes","","","TouchBody","object","Record that the user opened an object","any","User Workspace › Touch","P1","MISSING","mutation (not probed)"
"Platform","api","GET","/api/workspace/watchlist","","","limit","","object","List watchlisted objects (current user)","any","User Workspace › Watchlist","P2","MISSING","served (gated)"
"Platform","api","POST","/api/workspace/watchlist","yes","","","WatchlistAddBody","object","Add an object to the watchlist","any","User Workspace › Watchlist","P1","MISSING","mutation (not probed)"
"Platform","api","DELETE","/api/workspace/watchlist/{object_id}","yes","","object_id*","","object","Remove from watchlist","any","User Workspace › Watchlist","P1","MISSING","mutation (not probed)"
"Platform","cache","GET","/cache/breakdown","","","","","object","Cache key breakdown by class","ACCOUNTADMIN","Administration › Breakdown","P2","MISSING","served (gated)"
"Platform","cache","POST","/cache/clear/all","yes","","","","object","Clear all cache","ACCOUNTADMIN","Administration › Clear All","P1","MISSING","mutation (not probed)"
"Platform","cache","POST","/cache/clear/pattern","yes","","pattern","","CacheClearResponse","Clear cache by pattern","ACCOUNTADMIN","Administration › Clear Pattern","P1","MISSING","mutation (not probed)"
"Platform","cache","GET","/cache/dashboard","","","","","object","Cache dashboard","ACCOUNTADMIN","Administration › Dashboard","P2","MISSING","served (gated)"
"Platform","cache","GET","/cache/health","","","","","object","Cache health check","ACCOUNTADMIN","Administration › Health","P2","MISSING","served (gated)"
"Platform","cache","GET","/cache/invalidations","","","limit","","object","Recent cache invalidations","ACCOUNTADMIN","Administration › Invalidations","P2","MISSING","served (gated)"
"Platform","cache","GET","/cache/keys","","","pattern","","CacheKeysResponse","List cache keys","ACCOUNTADMIN","Administration › Keys","P2","MISSING","served (gated)"
"Platform","cache","POST","/cache/keys","yes","","","CacheSetRequest","object","Set cache key","ACCOUNTADMIN","Administration › Keys","P1","MISSING","mutation (not probed)"
"Platform","cache","GET","/cache/keys/{key}","","","key*","","CacheKeyResponse","Get cache key value","ACCOUNTADMIN","Administration › Keys","P2","MISSING","served (gated)"
"Platform","cache","DELETE","/cache/keys/{key}","yes","","key*","","object","Delete cache key","ACCOUNTADMIN","Administration › Keys","P1","MISSING","mutation (not probed)"
"Platform","cache","GET","/cache/kpis","","","","","object","Granular cache KPIs","ACCOUNTADMIN","Administration › KPIs","P2","MISSING","served (gated)"
"Platform","cache","GET","/cache/performance","","","","","object","Cache performance stats","ACCOUNTADMIN","Administration › Performance","P2","MISSING","served (gated)"
"Platform","cache","POST","/cache/refresh/start","yes","","","","object","Start cache refresh","ACCOUNTADMIN","Administration › Refresh Start","P1","MISSING","mutation (not probed)"
"Platform","cache","GET","/cache/refresh/status","","","","","object","Cache refresh status","ACCOUNTADMIN","Administration › Refresh Status","P2","MISSING","served (gated)"
"Platform","cache","POST","/cache/refresh/stop","yes","","","","object","Stop cache refresh","ACCOUNTADMIN","Administration › Refresh Stop","P1","MISSING","mutation (not probed)"
"Platform","cache","POST","/cache/refresh/trigger/{job_name}","yes","","job_name*","","object","Trigger refresh job","ACCOUNTADMIN","Administration › Refresh Trigger","P1","MISSING","mutation (not probed)"
"Platform","cache","GET","/cache/stats","","","","","CacheStatsResponse","Cache statistics","ACCOUNTADMIN","Administration › Stats","P2","MISSING","served (gated)"
"Platform","cache","GET","/cache/svc-health","","","","","object","Service account health check","ACCOUNTADMIN","Administration › Svc Health","P2","MISSING","served (gated)"
"Platform","cache","GET","/cache/test-connection","","","","","object","Test cache connection","ACCOUNTADMIN","Administration › Test Connection","P2","MISSING","served (gated)"
"Platform","cache","POST","/cache/warmup","yes","","","CacheWarmupRequest","object","Warm up cache","ACCOUNTADMIN","Administration › Warmup","P1","MISSING","mutation (not probed)"
"Platform","cache","POST","/cache/warmup/trigger","yes","","","","object","Trigger cache warmup","ACCOUNTADMIN","Administration › Warmup Trigger","P1","MISSING","mutation (not probed)"
"Platform","user","POST","/user/bootstrap-account/","yes","","","","object","Re-run metadata bootstrap for the authenticated account","ACCOUNTADMIN","Profile & Auth › Bootstrap Account","P1","MISSING","mutation (not probed)"
"Platform","user","POST","/user/login/","yes","","","LoginRequest","object","Login (alias for POST /signin)","any","Auth › Login","","wired","mutation (not probed)"
"Platform","user","GET","/user/me/modules","","","","","object","Get user modules","any","Profile & Auth › Me Modules","","wired","served (gated)"
"Platform","user","GET","/user/profile","","","","","object","Get current user's Snowflake profile","any","Profile & Auth › Profile","P2","MISSING","served (gated)"
"Platform","user","PUT","/user/profile","yes","","","UpdateProfileRequest","object","Update current user's profile","any","Profile & Auth › Profile","P1","MISSING","mutation (not probed)"
"Platform","user","POST","/user/profile/password","yes","","","ChangePasswordRequest","object","Change current user's password","any","Profile & Auth › Password","P1","MISSING","mutation (not probed)"
"Platform","user","POST","/user/profile/role","yes","","","ChangeRoleRequest","UserRolesResponse","Switch the current user's active role","any","Profile & Auth › Role","P1","MISSING","mutation (not probed)"
"Platform","user","GET","/user/profile/roles","","","","","UserRolesResponse","List roles granted to the current user","any","Profile & Auth › Profile Roles","P2","MISSING","served (gated)"
"Platform","user","POST","/user/register/","yes","","","RegisterUserRequest","object","Register a new account (creates Snowflake account + bootstraps metadata schema)","any","Auth › Register","","wired","mutation (not probed)"
"ready","ready","GET","/ready","","","","","object","Readiness check","any","Platform","P2","MISSING","served (open)"
"signin","signin","POST","/signin","yes","","","LoginRequest","object","Sign in (get token)","any","Auth › Sign In","P1","MISSING","mutation (not probed)"
"Workflow","workflow","POST","/workflow","yes","","","WorkflowCreate","object","Creates a new Workflow project (low-code ETL pipeline).","RETAIL_DATA_ENGINEER","Workflow › Builder canvas","P0","MISSING","mutation (not probed)"
"Workflow","workflow","GET","/workflow","","","limit, offset","","object","Lists the current user's workflows.","RETAIL_DATA_ENGINEER","Workflow › Builder canvas","P1","MISSING","served (gated)"
"Workflow","workflow","GET","/workflow/{workflow_id}","","","workflow_id*","","object","Returns a single workflow's metadata (name  description  status  tags  and created-at).","RETAIL_DATA_ENGINEER","Workflow › Builder canvas","P1","MISSING","served (gated)"
"Workflow","workflow","PATCH","/workflow/{workflow_id}","yes","","workflow_id*","WorkflowMetadataUpdate","object","Updates a workflow's metadata (name  description  and tags) on its unified-projects record.","RETAIL_DATA_ENGINEER","Workflow › Builder canvas","P0","MISSING","mutation (not probed)"
"Workflow","workflow","GET","/workflow/{workflow_id}/block-events","","","workflow_id*, run_id","","object","Returns per-block run and resource-cleanup events (compute used  billing  rows  and any Snowflake error) for a workflow.","RETAIL_DATA_ENGINEER","Workflow › Run monitor","P1","MISSING","served (gated)"
"Workflow","workflow","POST","/workflow/{workflow_id}/cancel","yes","","workflow_id*","","object","Cancels the workflow - suspends its scheduled task and marks in-flight runs as cancelled.","RETAIL_DATA_ENGINEER","Workflow › Release panel","P0","MISSING","mutation (not probed)"
"Workflow","workflow","GET","/workflow/{workflow_id}/clone-data-tests","","","workflow_id*, connector_ids, max_tables","","object","Test-real-life via zero-copy clone (per ETL block).","RETAIL_DATA_ENGINEER","Workflow › Run monitor","P1","MISSING","served (gated)"
"Workflow","workflow","POST","/workflow/{workflow_id}/compile","yes","","workflow_id*","","object","Compile workflow into CTE SQL without executing.","RETAIL_DATA_ENGINEER","Workflow › Builder canvas","P0","MISSING","mutation (not probed)"
"Workflow","workflow","GET","/workflow/{workflow_id}/contributors","","","workflow_id*","","object","List contributors for a workflow from PROJECT_CONTRIBUTORS  enriched with the last action timestamp derived from the project's events history.","RETAIL_DATA_ENGINEER","Workflow › Contributors","","wired","served (gated)"
"Workflow","workflow","POST","/workflow/{workflow_id}/contributors","yes","","workflow_id*","ContributorAddRequest","object","Add (or update the role of) a workflow contributor.","RETAIL_DATA_ENGINEER","Workflow › Contributors","","wired","mutation (not probed)"
"Workflow","workflow","DELETE","/workflow/{workflow_id}/contributors/{username}","yes","","workflow_id*, username*","","object","Remove a contributor from a workflow (owners are protected and cannot be removed).","RETAIL_DATA_ENGINEER","Workflow › Contributors","","wired","mutation (not probed)"
"Workflow","workflow","GET","/workflow/{workflow_id}/cost-summary","","","workflow_id*, days","","object","REAL per-run credits: ACCOUNT_USAGE.TASK_HISTORY (full window) + the live INFORMATION_SCHEMA tail  attributed via ACCOUNT_USAGE.QUERY_ATTRIBUTION_HISTORY (root-aware)  plus batched WAREHOUSE_METERING_HISTORY.","RETAIL_DATA_ENGINEER","Workflow › Run monitor","P1","MISSING","served (gated)"
"Workflow","workflow","GET","/workflow/{workflow_id}/dag","","","workflow_id*","","object","DAG nodes + AFTER edges derived from the workflow definition.","RETAIL_DATA_ENGINEER","Workflow › Run monitor","P1","MISSING","served (gated)"
"Workflow","workflow","POST","/workflow/{workflow_id}/deployments","yes","yes","workflow_id*","app__modules__projects__workflow__router__DeploymentRequest","object","Requests deployment of a workflow (materializes its blocks as Snowflake tasks)  opening it for approval.","RETAIL_DATA_ENGINEER","Workflow › Release panel","P0","MISSING","mutation (not probed)"
"Workflow","workflow","GET","/workflow/{workflow_id}/deployments","","yes","workflow_id*, status, limit","","object","List workflow deployments.","RETAIL_DATA_ENGINEER","Workflow › Release panel","P1","MISSING","served (gated)"
"Workflow","workflow","POST","/workflow/{workflow_id}/deployments/{deployment_id}/approve","yes","yes","workflow_id*, deployment_id*","","object","Approves a pending workflow deployment.","RETAIL_GOVERNOR","Workflow › Release panel","P0","MISSING","mutation (not probed)"
"Workflow","workflow","POST","/workflow/{workflow_id}/deployments/{deployment_id}/cancel","yes","","workflow_id*, deployment_id*","","object","Cancels a pending or scheduled workflow deployment.","RETAIL_DATA_ENGINEER","Workflow › Release panel","P0","MISSING","mutation (not probed)"
"Workflow","workflow","POST","/workflow/{workflow_id}/deployments/{deployment_id}/execute","yes","yes","workflow_id*, deployment_id*","","object","Executes an approved workflow deployment  provisioning its scheduled tasks.","RETAIL_DATA_ENGINEER","Workflow › Release panel","P0","MISSING","mutation (not probed)"
"Workflow","workflow","POST","/workflow/{workflow_id}/deployments/{deployment_id}/reject","yes","yes","workflow_id*, deployment_id*","","object","Rejects a pending workflow deployment.","RETAIL_GOVERNOR","Workflow › Release panel","P0","MISSING","mutation (not probed)"
"Workflow","workflow","POST","/workflow/{workflow_id}/deployments/{deployment_id}/verify","yes","","workflow_id*, deployment_id*","","object","Re-verifies a workflow deployment's shipped objects (per-target row counts and task outcome).","RETAIL_DATA_ENGINEER","Workflow › Release panel","P0","MISSING","mutation (not probed)"
"Workflow","workflow","PUT","/workflow/{workflow_id}/draft","yes","","workflow_id*","DraftAutosaveRequest","object","Persist the in-progress draft (canvas state) without minting a version.","RETAIL_DATA_ENGINEER","Workflow › Version history","P0","MISSING","mutation (not probed)"
"Workflow","workflow","GET","/workflow/{workflow_id}/draft","","","workflow_id*","","object","Return the last autosaved draft state (or an empty default if none).","RETAIL_DATA_ENGINEER","Workflow › Version history","P1","MISSING","served (gated)"
"Workflow","workflow","POST","/workflow/{workflow_id}/dry-run","yes","","workflow_id*","app__modules__projects__workflow__router__DryRunRequest","object","Compile + validate a saved workflow WITHOUT executing.","RETAIL_DATA_ENGINEER","Workflow › Release panel","P0","MISSING","mutation (not probed)"
"Workflow","workflow","POST","/workflow/{workflow_id}/estimate-vs-reference","yes","","workflow_id*, reference_database, reference_schema, reference_table, lookback_days","","object","Estimate the cost of running this workflow + compare to a reference table's existing footprint.","RETAIL_DATA_ENGINEER","Workflow › Run monitor","P0","MISSING","mutation (not probed)"
"Workflow","workflow","POST","/workflow/{workflow_id}/execute","yes","","workflow_id*, async_mode","app__modules__projects__workflow__models__ExecuteRequest","object","Runs a workflow end-to-end  executing each block in dependency order.","RETAIL_DATA_ENGINEER","Workflow › Release panel","P0","MISSING","mutation (not probed)"
"Workflow","workflow","POST","/workflow/{workflow_id}/post-verify","yes","","workflow_id*","app__modules__projects__workflow__router__PostVerifyRequest","object","After execution  verifies each target block's output (row counts) and the task outcome.","RETAIL_DATA_ENGINEER","Workflow › Release panel","P0","MISSING","mutation (not probed)"
"Workflow","workflow","POST","/workflow/{workflow_id}/pre-check","yes","","workflow_id*","PreCheckRequest","object","Preconditions: source objects exist  target schema writable  warehouse available  no concurrent deployment.","RETAIL_DATA_ENGINEER","Workflow › Release panel","P0","MISSING","mutation (not probed)"
"Workflow","workflow","POST","/workflow/{workflow_id}/rollback","yes","","workflow_id*","app__modules__projects__workflow__models__RollbackRequest","object","Repoints a workflow to a prior saved version (metadata-only) and marks newer versions superseded.","RETAIL_DATA_ENGINEER","Workflow › Version history","P0","MISSING","mutation (not probed)"
"Workflow","workflow","GET","/workflow/{workflow_id}/runs","","","workflow_id*, status, page, page_size","","object","List workflow runs.","RETAIL_DATA_ENGINEER","Workflow › Run monitor","","wired","served (gated)"
"Workflow","workflow","POST","/workflow/{workflow_id}/runs/{run_id}/analyze","yes","","workflow_id*, run_id*","","object","Use Cortex AI to analyze a failed workflow run and suggest fixes.","RETAIL_DATA_ENGINEER","Workflow › Run monitor","P0","MISSING","mutation (not probed)"
"Workflow","workflow","GET","/workflow/{workflow_id}/runs/summary","","","workflow_id*","","object","Returns aggregate run metrics for a workflow (totals  success rate  average duration).","RETAIL_DATA_ENGINEER","Workflow › Run monitor","P1","MISSING","served (gated)"
"Workflow","workflow","POST","/workflow/{workflow_id}/schedule","yes","","workflow_id*","ScheduleRequest","object","Create or update a Snowflake TASK that runs this workflow on a cron schedule.","RETAIL_DATA_ENGINEER","Workflow › Scheduling & tasks","P0","MISSING","mutation (not probed)"
"Workflow","workflow","DELETE","/workflow/{workflow_id}/schedule","yes","","workflow_id*","","object","Drop the Snowflake TASK for this workflow (DROP TASK IF EXISTS).","RETAIL_DATA_ENGINEER","Workflow › Scheduling & tasks","P0","MISSING","mutation (not probed)"
"Workflow","workflow","POST","/workflow/{workflow_id}/schedule/pause","yes","","workflow_id*","","object","Suspends the Snowflake task backing this workflow's schedule (ALTER TASK ... SUSPEND).","RETAIL_DATA_ENGINEER","Workflow › Scheduling & tasks","P0","MISSING","mutation (not probed)"
"Workflow","workflow","POST","/workflow/{workflow_id}/schedule/resume","yes","","workflow_id*","","object","Resumes the Snowflake task backing this workflow's schedule (ALTER TASK ... RESUME).","RETAIL_DATA_ENGINEER","Workflow › Scheduling & tasks","P0","MISSING","mutation (not probed)"
"Workflow","workflow","GET","/workflow/{workflow_id}/schedules","","","workflow_id*","","object","Get schedule info for a workflow by querying the Snowflake task directly.","RETAIL_DATA_ENGINEER","Workflow › Scheduling & tasks","P1","MISSING","served (gated)"
"Workflow","workflow","GET","/workflow/{workflow_id}/steps","","","workflow_id*","","object","Get workflow steps.","RETAIL_DATA_ENGINEER","Workflow › Builder canvas","P1","MISSING","served (gated)"
"Workflow","workflow","POST","/workflow/{workflow_id}/steps","yes","","workflow_id*","StepAdd","object","Adds a step (an ETL block instance) to a workflow's graph.","RETAIL_DATA_ENGINEER","Workflow › Builder canvas","P0","MISSING","mutation (not probed)"
"Workflow","workflow","PUT","/workflow/{workflow_id}/steps/{step_id}","yes","","workflow_id*, step_id*","StepUpdate","object","Updates a workflow step's block type  parameters  or wiring.","RETAIL_DATA_ENGINEER","Workflow › Builder canvas","P0","MISSING","mutation (not probed)"
"Workflow","workflow","DELETE","/workflow/{workflow_id}/steps/{step_id}","yes","","workflow_id*, step_id*","","object","Deletes a step from a workflow's graph.","RETAIL_DATA_ENGINEER","Workflow › Builder canvas","P0","MISSING","mutation (not probed)"
"Workflow","workflow","GET","/workflow/{workflow_id}/task-status","","","workflow_id*, days","","object","Snowflake task execution history (ACCOUNT_USAGE.TASK_HISTORY full window + live INFORMATION_SCHEMA tail) with success/fail stats  duration percentiles and real per-run credits.","RETAIL_DATA_ENGINEER","Workflow › Scheduling & tasks","P1","MISSING","served (gated)"
"Workflow","workflow","GET","/workflow/{workflow_id}/tasks/{task_id}/logs","","","workflow_id*, task_id*, days","","object","Per-task run history merged from ACCOUNT_USAGE.TASK_HISTORY (full window) + the live INFORMATION_SCHEMA tail  with real per-run credits and duration stats.","RETAIL_DATA_ENGINEER","Workflow › Run monitor","P1","MISSING","served (gated)"
"Workflow","workflow","POST","/workflow/{workflow_id}/tasks/{task_id}/retry","yes","","workflow_id*, task_id*","","object","Trigger a one-off run of a single task via EXECUTE TASK. 404 if unknown.","RETAIL_DATA_ENGINEER","Workflow › Builder canvas","P0","MISSING","mutation (not probed)"
"Workflow","workflow","POST","/workflow/{workflow_id}/validate","yes","","workflow_id*","","object","Validate that workflow steps form a valid DAG (no cycles  correct input counts  unique aliases).","RETAIL_DATA_ENGINEER","Workflow › Builder canvas","P0","MISSING","mutation (not probed)"
"Workflow","workflow","POST","/workflow/{workflow_id}/validate-block","yes","","workflow_id*","ValidateBlockRequest","object","Validates a single block's configuration in a pre-flight check as the user edits it in the builder.","RETAIL_DATA_ENGINEER","Workflow › Builder canvas","P0","MISSING","mutation (not probed)"
"Workflow","workflow","GET","/workflow/{workflow_id}/versions","","","workflow_id*, limit, include_superseded","","object","List workflow versions.","RETAIL_DATA_ENGINEER","Workflow › Version history","","wired","served (gated)"
"Workflow","workflow","POST","/workflow/{workflow_id}/versions","yes","","workflow_id*","VersionCreateRequest","object","Mint a named  immutable version from the workflow's current steps (snapshots the step graph as the version DEFINITION).","RETAIL_DATA_ENGINEER","Workflow › Version history","","wired","mutation (not probed)"
"Workflow","workflow","GET","/workflow/action-templates","","","","","object","List workflow action templates.","RETAIL_DATA_ENGINEER","Workflow › Block palette / catalog","P1","MISSING","served (gated)"
"Workflow","workflow","POST","/workflow/action-templates","yes","","","ActionTemplateCreateRequest","object","Creates a reusable workflow action template (a parameterized block preset).","RETAIL_DATA_ENGINEER","Workflow › Block palette / catalog","P0","MISSING","mutation (not probed)"
"Workflow","workflow","GET","/workflow/blocks","","","category, executable_only","","object","Full rich block catalog (single source of truth for the builder palette).","any","Workflow › Block palette / catalog","P1","MISSING","served (gated)"
"Workflow","workflow","GET","/workflow/blocks/{block_type}","","","block_type*","","object","Rich detail for one block: param schema  query_template  example rendered SQL  snowflake_capability  docs_url  supports. 404 if the type is unknown.","any","Workflow › Block palette / catalog","P1","MISSING","served (gated)"
"Workflow","workflow","POST","/workflow/blocks/{block_type}/render-sql","yes","","block_type*","RenderSqlRequest","object","Fill the block's query_template with supplied params → SQL string.","RETAIL_DATA_ENGINEER","Workflow › Block palette / catalog","P0","MISSING","mutation (not probed)"
"Workflow","workflow","GET","/workflow/blocks/categories","","","","","object","Categories with block-type lists for palette grouping.","any","Workflow › Block palette / catalog","P1","MISSING","served (gated)"
"Workflow","workflow","GET","/workflow/capabilities","","","","","object","Return workflow metadata to power low-code UX  notebooks  and python editors.","any","Workflow › Block palette / catalog","P1","MISSING","served (gated)"
"Workflow","workflow","GET","/workflow/catalog/blocks","","","refresh","","object","Returns the ETL block catalog (categories and every registered action with metadata)  served from memory with no Snowflake round-trip.","any","Workflow › Block palette / catalog","P1","MISSING","served (gated)"
"Workflow","workflow","GET","/workflow/compute-pools/{name}","","","name*","","object","Returns the definition and status of a single compute pool (404 if it does not exist).","RETAIL_DATA_ENGINEER","Workflow › Scheduling & tasks","P1","MISSING","served (gated)"
"Workflow","workflow","PATCH","/workflow/compute-pools/{name}","yes","","name*","app__modules__projects__workflow__models__ComputePoolAlterRequest","object","Alters a compute pool's scaling settings (min/max nodes  auto-suspend  auto-resume  comment) via ALTER COMPUTE POOL.","RETAIL_DATA_ENGINEER","Workflow › Scheduling & tasks","P0","MISSING","mutation (not probed)"
"Workflow","workflow","POST","/workflow/dry-run","yes","","","GraphDryRunRequest","object","Compile-from-graph + validate an UNSAVED workflow graph.","RETAIL_DATA_ENGINEER","Workflow › Release panel","P0","MISSING","mutation (not probed)"
"Workflow","workflow","POST","/workflow/events/resource-cleanup","yes","","","ResourceCleanupRequest","object","Records a resource-cleanup event for the real-life block-test harness (tracks objects created then dropped).","RETAIL_DATA_ENGINEER","Workflow › Builder canvas","P0","MISSING","mutation (not probed)"
"Workflow","workflow","POST","/workflow/from-graph","yes","","","FromGraphRequest","object","Creates a workflow in one shot from a node/edge graph  adding every node as a step and wiring inputs from the edges.","RETAIL_DATA_ENGINEER","Workflow › Builder canvas","P0","MISSING","mutation (not probed)"
"Workflow","workflow","GET","/workflow/git/repositories","","","","","object","Git Repositories List.","RETAIL_DATA_ENGINEER","Workflow › Git repositories","P1","MISSING","served (gated)"
"Workflow","workflow","POST","/workflow/git/repositories","yes","","","GitRepositoryCreate","object","Registers a Snowflake Git repository integration for sourcing workflow code.","RETAIL_DATA_ENGINEER","Workflow › Git repositories","P0","MISSING","mutation (not probed)"
"Workflow","workflow","GET","/workflow/git/repositories/{name}","","","name*","","object","Git Repository Describe.","RETAIL_DATA_ENGINEER","Workflow › Git repositories","P1","MISSING","served (gated)"
"Workflow","workflow","DELETE","/workflow/git/repositories/{name}","yes","","name*","","object","Drops a registered Git repository integration.","RETAIL_DATA_ENGINEER","Workflow › Git repositories","P0","MISSING","mutation (not probed)"
"Workflow","workflow","GET","/workflow/git/repositories/{name}/branches","","","name*","","object","Git Repository Branches.","RETAIL_DATA_ENGINEER","Workflow › Git repositories","P1","MISSING","served (gated)"
"Workflow","workflow","POST","/workflow/git/repositories/{name}/fetch","yes","","name*","","object","Fetches the latest commits  branches  and tags for a registered Git repository.","RETAIL_DATA_ENGINEER","Workflow › Git repositories","P0","MISSING","mutation (not probed)"
"Workflow","workflow","GET","/workflow/git/repositories/{name}/tags","","","name*","","object","Git Repository Tags.","RETAIL_DATA_ENGINEER","Workflow › Git repositories","P1","MISSING","served (gated)"
"Workflow","workflow","GET","/workflow/jobs","","","job_type, status, limit","","object","List async jobs for the current user's account  newest first.","RETAIL_DATA_ENGINEER","Workflow › Run monitor","P1","MISSING","served (gated)"
"Workflow","workflow","GET","/workflow/notebooks","","","","","object","Notebooks List.","RETAIL_DATA_ENGINEER","Workflow › Notebooks","P1","MISSING","served (gated)"
"Workflow","workflow","POST","/workflow/notebooks","yes","","","NotebookCreate","object","Creates a Snowflake Notebook for interactive workflow development.","RETAIL_DATA_ENGINEER","Workflow › Notebooks","P0","MISSING","mutation (not probed)"
"Workflow","workflow","GET","/workflow/notebooks/{name}","","","name*","","object","Notebook Describe.","RETAIL_DATA_ENGINEER","Workflow › Notebooks","P1","MISSING","served (gated)"
"Workflow","workflow","PATCH","/workflow/notebooks/{name}","yes","","name*","NotebookAlter","object","Alters a Snowflake Notebook's settings (warehouse  comment).","RETAIL_DATA_ENGINEER","Workflow › Notebooks","P0","MISSING","mutation (not probed)"
"Workflow","workflow","DELETE","/workflow/notebooks/{name}","yes","","name*","","object","Drops a Snowflake Notebook.","RETAIL_DATA_ENGINEER","Workflow › Notebooks","P0","MISSING","mutation (not probed)"
"Workflow","workflow","POST","/workflow/notebooks/{name}/execute","yes","","name*","","object","Executes a Snowflake Notebook and returns its run result.","RETAIL_DATA_ENGINEER","Workflow › Notebooks","P0","MISSING","mutation (not probed)"
"Workflow","workflow","GET","/workflow/preview-table","","","database*, schema*, table*, limit","","object","Preview rows from any table.","RETAIL_DATA_ENGINEER","Workflow › Builder canvas","P1","MISSING","served (gated)"
"Workflow","workflow","POST","/workflow/run-python","yes","","","RunPythonRequest","object","Runs an ad-hoc Python (Snowpark) snippet in the workflow context and returns the result.","RETAIL_DATA_ENGINEER","Workflow › SQL / Python runner","P0","MISSING","mutation (not probed)"
"Workflow","workflow","POST","/workflow/run-sql","yes","","","RunSqlRequest","object","Runs an ad-hoc SQL statement in the workflow context and returns the result.","RETAIL_DATA_ENGINEER","Workflow › SQL / Python runner","P0","MISSING","mutation (not probed)"
"Workflow","workflow","GET","/workflow/schedules","","","","","object","List all workflow Snowflake tasks (WORKFLOW_TASK_*).","RETAIL_DATA_ENGINEER","Workflow › Scheduling & tasks","P1","MISSING","served (gated)"
"Workflow","workflow","POST","/workflow/setup/initialize-tables","yes","","","","object","Provisions the backing metadata tables the Workflow module needs (one-time setup).","RETAIL_DATA_ENGINEER","Workflow › Builder canvas","","wired","mutation (not probed)"
"Workflow","workflow","GET","/workflow/tasks/discover","","","database","","object","Discover all Snowflake tasks in a given database.","RETAIL_DATA_ENGINEER","Workflow › Scheduling & tasks","P1","MISSING","served (gated)"
"Workflow","workflow","POST","/workflow/tasks/import","yes","","","TaskImportRequest","object","Materialize a Snowflake task DAG into a new workflow project (one step per task).","RETAIL_DATA_ENGINEER","Workflow › Scheduling & tasks","P0","MISSING","mutation (not probed)"